{"Cumulative Reward": 98563, "_timestamp": 1692814321.365647, "Total Training Time": 1.1558761596679688, "_runtime": 2.8477370738983154, "_step": 999, "_wandb": {"runtime": 1}}