{"Cumulative Reward": 100600, "_timestamp": 1692719978.1372259, "Total Training Time": 2.380225419998169, "_runtime": 3.6555848121643066, "_step": 999, "_wandb": {"runtime": 3}}