{"Cumulative Reward": 205973, "_timestamp": 1694826560.214127, "Total Training Time": 0.674659013748169, "_runtime": 2.526898145675659, "_step": 999, "_wandb": {"runtime": 1}}