{"Total Inference Time": 0.00446009635925293, "_timestamp": 1694825886.214815, "_runtime": 1.438605785369873, "_step": 1, "_wandb": {"runtime": 0}}