{"Cumulative Reward": 207047, "_timestamp": 1694666390.522651, "Total Training Time": 9.630493402481079, "_runtime": 15.510735988616943, "_step": 999, "_wandb": {"runtime": 13}}