{"Cumulative Reward": 999997, "_timestamp": 1691256988.049109, "_runtime": 16.608325958251953, "_step": 9999, "_wandb": {"runtime": 16}}