{"Cumulative Reward": 100006, "_timestamp": 1694666446.753212, "Total Training Time": 10.80545687675476, "_runtime": 22.664023876190186, "_step": 999, "_wandb": {"runtime": 19}}