{"Cumulative Reward": 97056, "_timestamp": 1693237874.593914, "Total Training Time": 1.5727810859680176, "_runtime": 3.3382370471954346, "_step": 999, "_wandb": {"runtime": 2}}