{"Cumulative Reward": 105300, "_timestamp": 1692918068.504381, "Total Training Time": 1.220738172531128, "_runtime": 2.3026509284973145, "_step": 999, "_wandb": {"runtime": 1}}