{"cumulative_reward": 10000.0, "_timestamp": 1689370060.9938161, "_runtime": 18.62804412841797, "_step": 9999, "_wandb": {"runtime": 37}}