{"Total Inference Time": 0.00676727294921875, "_timestamp": 1694668072.112926, "_runtime": 1.4258809089660645, "_step": 2, "_wandb": {"runtime": 0}}