{"Cumulative Reward": 203945, "_timestamp": 1694668054.235926, "Total Training Time": 0.9230682849884033, "_runtime": 2.8429818153381348, "_step": 999, "_wandb": {"runtime": 1}}