{"Cumulative Reward": 209617, "_timestamp": 1694826764.090972, "Total Training Time": 1.2546412944793701, "_runtime": 3.071401834487915, "_step": 999, "_wandb": {"runtime": 1}}