{"Cumulative Reward": 1822581, "_timestamp": 1691098577.6047978, "_runtime": 618.8691418170929, "_step": 9999, "_wandb": {"runtime": 618}}