{"Cumulative Reward": 100007, "_timestamp": 1694652252.851947, "Total Training Time": 1.0488348007202148, "_runtime": 3.170255184173584, "_step": 999, "_wandb": {"runtime": 3}}