{"Cumulative Reward": 104100, "_timestamp": 1692211991.308707, "Total Training Time": 0.9738049507141113, "_runtime": 1.7995970249176025, "_step": 999, "_wandb": {"runtime": 1}}