{"Cumulative Reward": 1015792, "_timestamp": 1692128398.323005, "Total Training Time": 15.497933626174927, "_runtime": 21.202844858169556, "_step": 9999, "_wandb": {"runtime": 20}}