{"Cumulative Reward": 104912, "_timestamp": 1694826876.989663, "Total Training Time": 1.009352207183838, "_runtime": 2.917937994003296, "_step": 999, "_wandb": {"runtime": 1}}