{"Cumulative Reward": 79993, "_timestamp": 1690820999.9934359, "_runtime": 16.594902753829956, "_step": 9999, "_wandb": {"runtime": 16}}