{"Cumulative Reward": 1017194, "_timestamp": 1691710220.389487, "Cumulative Time": 14.658843040466309, "_runtime": 20.561115026474, "_step": 9999, "_wandb": {"runtime": 19}}