{"Cumulative Reward": 104700, "_timestamp": 1692230391.742431, "Total Training Time": 1.6788177490234375, "_runtime": 2.9478139877319336, "_step": 999, "_wandb": {"runtime": 2}}