{"Cumulative Reward": 100953, "_timestamp": 1694668060.5545652, "Total Training Time": 0.476032018661499, "_runtime": 2.8920252323150635, "_step": 999, "_wandb": {"runtime": 1}}