{"Total Inference Time": 0.021552562713623047, "_timestamp": 1694826376.7962172, "_runtime": 1.4455742835998535, "_step": 10, "_wandb": {"runtime": 0}}