{"Cumulative Reward": 105100, "_timestamp": 1692230101.53363, "Total Training Time": 0.9943881034851074, "_runtime": 1.8844659328460693, "_step": 999, "_wandb": {"runtime": 1}}