{"Total Inference Time": 0.016499042510986328, "_timestamp": 1694826135.746816, "_runtime": 1.4522099494934082, "_step": 6, "_wandb": {"runtime": 0}}