{"Cumulative Reward": 1019290, "_timestamp": 1691111369.2508538, "_runtime": 14.49223279953003, "_step": 9999, "_wandb": {"runtime": 14}}