{"Cumulative Reward": 104400, "_timestamp": 1692749310.198015, "Total Training Time": 0.9130983352661133, "_runtime": 1.7298798561096191, "_step": 999, "_wandb": {"runtime": 1}}