{"Cumulative Reward": 101884, "_timestamp": 1694664553.173335, "Total Training Time": 0.5970816612243652, "_runtime": 2.246772050857544, "_step": 999, "_wandb": {"runtime": 2}}