{"Cumulative Reward": 169959, "_timestamp": 1691031781.43381, "_runtime": 15.23099398612976, "_step": 9999, "_wandb": {"runtime": 14}}