{"Cumulative Reward": 100014, "_timestamp": 1694825955.6183639, "Total Training Time": 0.5344638824462891, "_runtime": 2.391737937927246, "_step": 999, "_wandb": {"runtime": 1}}