{"Cumulative Reward": 100000, "_timestamp": 1694983931.892139, "Total Training Time": 0.7291662693023682, "_runtime": 5.009680986404419, "_step": 999, "_wandb": {"runtime": 2}}