{"Cumulative Reward": 99931, "_timestamp": 1693244305.2648928, "Total Training Time": 3.075099229812622, "_runtime": 5.953081846237183, "_step": 999, "_wandb": {"runtime": 4}}