{"Cumulative Reward": 102000, "_timestamp": 1694825998.3933818, "Total Training Time": 0.35701799392700195, "_runtime": 2.1028919219970703, "_step": 999, "_wandb": {"runtime": 1}}