{"Cumulative Reward": 104600, "_timestamp": 1693244293.817961, "Total Training Time": 2.3980724811553955, "_runtime": 4.038100957870483, "_step": 999, "_wandb": {"runtime": 3}}