{"cumulative_reward": 122520.0, "_timestamp": 1691452576.735119, "_runtime": 28.112800121307373, "_step": 9999, "_wandb": {"runtime": 27}}