{"Cumulative Reward": 100011, "_timestamp": 1694665026.6619961, "Total Training Time": 1.197232723236084, "_runtime": 3.6725192070007324, "_step": 999, "_wandb": {"runtime": 2}}