{"Cumulative Reward": 205020, "_timestamp": 1694652373.754518, "Total Training Time": 1.3884899616241455, "_runtime": 3.6324350833892822, "_step": 999, "_wandb": {"runtime": 4}}