{"cumulative_reward": 8555.0, "_timestamp": 1690904445.756064, "_runtime": 12.404738903045654, "_step": 9999, "_wandb": {"runtime": 11}}