{"Cumulative Reward": 202011, "_timestamp": 1694827010.649274, "Total Training Time": 0.4318668842315674, "_runtime": 2.2814722061157227, "_step": 999, "_wandb": {"runtime": 1}}