{"Cumulative Reward": 3237, "_timestamp": 1693349700.131433, "Total Training Time": 7.144366025924683, "_runtime": 8.833034992218018, "_step": 999, "_wandb": {"runtime": 7}}