{"Cumulative Reward": 24728, "_timestamp": 1691027336.483736, "_runtime": 93.6169970035553, "_step": 9999, "_wandb": {"runtime": 93}}