{"Cumulative Reward": 1069490, "_timestamp": 1691097506.6317499, "_runtime": 15.028844833374023, "_step": 9999, "_wandb": {"runtime": 14}}