{"Total Inference Time": 0.01991105079650879, "_timestamp": 1691797200.933154, "_runtime": 1.2880311012268066, "_step": 6, "_wandb": {"runtime": 0}}