{"Total Inference Time": 0.03406548500061035, "_timestamp": 1694826296.373643, "_runtime": 1.5797779560089111, "_step": 13, "_wandb": {"runtime": 0}}