{"Total Inference Time": 0.00794529914855957, "_timestamp": 1694664569.26271, "_runtime": 1.7144560813903809, "_step": 3, "_wandb": {"runtime": 0}}