{"Cumulative Reward": 15015, "_timestamp": 1694825679.4693089, "Total Training Time": 1.8552911281585693, "_runtime": 3.6849308013916016, "_step": 999, "_wandb": {"runtime": 2}}