{"Cumulative Reward": 101934, "_timestamp": 1694666366.409947, "Total Training Time": 6.5880286693573, "_runtime": 12.038421869277954, "_step": 999, "_wandb": {"runtime": 10}}