{"Cumulative Reward": 80545, "_timestamp": 1690990593.234676, "_runtime": 192.38841080665588, "_step": 302}