{"Cumulative Reward": 228, "_timestamp": 1692899656.35653, "Total Training Time": 0.03996729850769043, "_runtime": 0.5883538722991943, "_step": 3, "_wandb": {"runtime": 0}}