{"cumulative_reward": 221.0, "_timestamp": 1691703453.557725, "_runtime": 21.738232851028442, "_step": 9999, "_wandb": {"runtime": 21}}