{"Total Inference Time": 0.02142643928527832, "_timestamp": 1694664767.667794, "_runtime": 1.51289701461792, "_step": 2, "_wandb": {"runtime": 0}}