{"Total Inference Time": 0.022889137268066406, "_timestamp": 1694663611.130118, "_runtime": 1.5007669925689697, "_step": 6, "_wandb": {"runtime": 0}}