{"Cumulative Reward": 98733, "_timestamp": 1692211847.4063418, "Total Training Time": 1.1022648811340332, "_runtime": 2.7521188259124756, "_step": 999, "_wandb": {"runtime": 1}}