{"Cumulative Reward": 8880, "_timestamp": 1694825561.8130188, "Total Training Time": 0.9189856052398682, "_runtime": 1.9496147632598877, "_step": 999, "_wandb": {"runtime": 1}}