{"Cumulative Reward": 201000, "_timestamp": 1694826498.5366778, "Total Training Time": 0.4237234592437744, "_runtime": 2.3261587619781494, "_step": 999, "_wandb": {"runtime": 1}}