{"Cumulative Reward": 8, "_timestamp": 1690820827.8570461, "_runtime": 21.029515027999878, "_step": 9999, "_wandb": {"runtime": 20}}