{"cumulative_reward": 7833.0, "_timestamp": 1690295949.311929, "_runtime": 20.596128940582275, "_step": 9999, "_wandb": {"runtime": 20}}