{"Cumulative Reward": 204997, "_timestamp": 1694826817.302082, "Total Training Time": 0.7272000312805176, "_runtime": 2.5992929935455322, "_step": 999, "_wandb": {"runtime": 1}}