{"cumulative_reward": 1662.0, "_timestamp": 1689372866.957224, "_runtime": 16.69421696662903, "_step": 9999, "_wandb": {"runtime": 20}}