{"Cumulative Reward": 206182, "_timestamp": 1694439038.86143, "Total Training Time": 1.6553573608398438, "_runtime": 2.958189010620117, "_step": 999, "_wandb": {"runtime": 2}}