{"Cumulative Reward": 1220196, "_timestamp": 1690991257.594152, "_runtime": 301.41459798812866, "_step": 3635, "_wandb": {"runtime": 300}}