{"Cumulative Reward": 103316, "_timestamp": 1694826770.0684988, "Total Training Time": 1.0181386470794678, "_runtime": 2.8698627948760986, "_step": 999, "_wandb": {"runtime": 1}}