{"Cumulative Reward": 100051, "_timestamp": 1694668110.448618, "Total Training Time": 0.46921873092651367, "_runtime": 2.6263270378112793, "_step": 999, "_wandb": {"runtime": 1}}