{"Cumulative Reward": 101000, "_timestamp": 1694925147.236066, "Total Training Time": 0.4776945114135742, "_runtime": 2.099560022354126, "_step": 999, "_wandb": {"runtime": 2}}