{"Cumulative Reward": 204015, "_timestamp": 1694826625.291873, "Total Training Time": 0.7100884914398193, "_runtime": 3.859088897705078, "_step": 999, "_wandb": {"runtime": 1}}