{"Cumulative Reward": 105000, "_timestamp": 1694925890.2542772, "Total Training Time": 1.125878095626831, "_runtime": 2.721419334411621, "_step": 999, "_wandb": {"runtime": 2}}