{"Cumulative Reward": 0, "_timestamp": 1691165479.9040582, "_runtime": 94.12265110015869, "_step": 9999, "_wandb": {"runtime": 93}}