{"Cumulative Reward": 201000, "_timestamp": 1694665082.414954, "Total Training Time": 0.7331109046936035, "_runtime": 3.096205949783325, "_step": 999, "_wandb": {"runtime": 3}}