{"cumulative_reward": 1689.0, "_timestamp": 1691033515.7554638, "_runtime": 5.5076799392700195, "_step": 9999, "_wandb": {"runtime": 6}}