{"Cumulative Reward": 213000, "_timestamp": 1694826962.910424, "Total Training Time": 1.6565029621124268, "_runtime": 3.609734058380127, "_step": 999, "_wandb": {"runtime": 2}}