{"Total Inference Time": 0.017099857330322266, "_timestamp": 1694652380.896978, "_runtime": 1.4817368984222412, "_step": 4, "_wandb": {"runtime": 0}}