{"Cumulative Reward": 100000, "_timestamp": 1694926106.137789, "Total Training Time": 0.735541582107544, "_runtime": 2.904123067855835, "_step": 999, "_wandb": {"runtime": 2}}