{"Cumulative Reward": 25196, "_timestamp": 1691026585.705485, "_runtime": 102.33414220809937, "_step": 9999, "_wandb": {"runtime": 101}}