{"Total Inference Time": 0.024184465408325195, "_timestamp": 1691797504.46109, "_runtime": 1.69230318069458, "_step": 6, "_wandb": {"runtime": 0}}