{"Cumulative Reward": 25807, "_timestamp": 1694825686.7434728, "Total Training Time": 2.104273796081543, "_runtime": 3.9361207485198975, "_step": 999, "_wandb": {"runtime": 2}}