{"Cumulative Reward": 206016, "_timestamp": 1694826316.702312, "Total Training Time": 1.0350329875946045, "_runtime": 2.953550100326538, "_step": 999, "_wandb": {"runtime": 1}}