{"Cumulative Reward": 202852, "_timestamp": 1691797553.586477, "Total Training Time": 1.6719563007354736, "_runtime": 2.513343095779419, "_step": 999, "_wandb": {"runtime": 2}}