{"Cumulative Reward": 98955, "_timestamp": 1692896442.981195, "Total Training Time": 1.9906432628631592, "_runtime": 3.9995920658111572, "_step": 999, "_wandb": {"runtime": 2}}