{"Cumulative Reward": 204104, "_timestamp": 1694665051.260496, "Total Training Time": 1.7533659934997559, "_runtime": 4.268282890319824, "_step": 999, "_wandb": {"runtime": 2}}