{"Total Inference Time": 0.01748514175415039, "_timestamp": 1692025318.638209, "_runtime": 1.365563154220581, "_step": 6, "_wandb": {"runtime": 0}}