{"Cumulative Reward": 203979, "_timestamp": 1694826548.002387, "Total Training Time": 0.5939731597900391, "_runtime": 2.619284152984619, "_step": 999, "_wandb": {"runtime": 1}}