{"Cumulative Reward": 104000, "_timestamp": 1694664011.474946, "Total Training Time": 1.0169792175292969, "_runtime": 3.841197967529297, "_step": 999, "_wandb": {"runtime": 5}}