{"Cumulative Reward": 105000, "_timestamp": 1692917718.2839308, "Total Training Time": 0.9944252967834473, "_runtime": 1.944112777709961, "_step": 999, "_wandb": {"runtime": 1}}