{"Total Inference Time": 0.004148244857788086, "_timestamp": 1694668121.823013, "_runtime": 1.4741840362548828, "_step": 1, "_wandb": {"runtime": 0}}