{"Total Inference Time": 0.01916337013244629, "_timestamp": 1694826073.8387892, "_runtime": 1.4195282459259033, "_step": 8, "_wandb": {"runtime": 0}}