{"Total Inference Time": 0.01183938980102539, "_timestamp": 1694826630.484566, "_runtime": 1.4710400104522705, "_step": 3, "_wandb": {"runtime": 0}}