{"Cumulative Reward": 80, "_timestamp": 1690821724.094462, "_runtime": 1.0011348724365234, "_step": 9, "_wandb": {"runtime": 0}}