{"Total Inference Time": 0.023302316665649414, "_timestamp": 1694664835.929482, "_runtime": 1.5726449489593506, "_step": 4, "_wandb": {"runtime": 0}}