{"Cumulative Reward": 1069587, "_timestamp": 1691109810.3160808, "_runtime": 14.24960470199585, "_step": 9999, "_wandb": {"runtime": 13}}