{"Total Inference Time": 0.0029599666595458984, "_timestamp": 1694826604.450144, "_runtime": 1.4049701690673828, "_step": 0, "_wandb": {"runtime": 0}}