{"Total Inference Time": 0.014396190643310547, "_timestamp": 1691797386.880511, "_runtime": 1.2524120807647705, "_step": 6, "_wandb": {"runtime": 0}}