{"Cumulative Reward": 211804, "_timestamp": 1694826053.721687, "Total Training Time": 1.3724384307861328, "_runtime": 3.317087173461914, "_step": 999, "_wandb": {"runtime": 1}}