{"Cumulative Reward": 211818, "_timestamp": 1694826210.540658, "Total Training Time": 1.3598294258117676, "_runtime": 3.289971113204956, "_step": 999, "_wandb": {"runtime": 1}}