{"Cumulative Reward": 98651, "_timestamp": 1692918377.9692092, "Total Training Time": 1.0934622287750244, "_runtime": 2.8209221363067627, "_step": 999, "_wandb": {"runtime": 1}}