{"cumulative_reward": 51.0, "_timestamp": 1691434241.8649442, "_runtime": 9.548439264297485, "_step": 9999, "_wandb": {"runtime": 9}}