{"Cumulative Reward": 105000, "_timestamp": 1694652665.398724, "Total Training Time": 1.3853178024291992, "_runtime": 3.1768620014190674, "_step": 999, "_wandb": {"runtime": 2}}