{"Cumulative Reward": 213960, "_timestamp": 1694826883.466042, "Total Training Time": 1.4014062881469727, "_runtime": 3.250601053237915, "_step": 999, "_wandb": {"runtime": 1}}