{"cumulative_reward": 677.0, "_timestamp": 1691028062.806912, "_runtime": 7.818907976150513, "_step": 9999, "_wandb": {"runtime": 8}}