{"Cumulative Reward": 100000, "_timestamp": 1694826487.111732, "Total Training Time": 0.26111721992492676, "_runtime": 1.971390962600708, "_step": 999, "_wandb": {"runtime": 0}}