{"Cumulative Reward": 99648, "_timestamp": 1692376003.6605, "Total Training Time": 1.1338958740234375, "_runtime": 2.763833999633789, "_step": 999, "_wandb": {"runtime": 1}}