{"Cumulative Reward": 105100, "_timestamp": 1692211922.243905, "Total Training Time": 0.998875617980957, "_runtime": 2.030056953430176, "_step": 999, "_wandb": {"runtime": 1}}