{"Cumulative Reward": 204060, "_timestamp": 1692128590.544259, "Total Training Time": 3.2916431427001953, "_runtime": 5.534351110458374, "_step": 999, "_wandb": {"runtime": 4}}