{"Cumulative Reward": 204044, "_timestamp": 1692128574.561852, "Total Training Time": 1.7700765132904053, "_runtime": 2.6397809982299805, "_step": 999, "_wandb": {"runtime": 2}}