{"Cumulative Reward": 205023, "_timestamp": 1694826907.437233, "Total Training Time": 0.8052375316619873, "_runtime": 2.4725499153137207, "_step": 999, "_wandb": {"runtime": 1}}