{"Cumulative Reward": 101023, "_timestamp": 1694924910.165767, "Total Training Time": 2.1034929752349854, "_runtime": 3.816148042678833, "_step": 999, "_wandb": {"runtime": 3}}