{"Cumulative Reward": 104900, "_timestamp": 1693238004.821759, "Total Training Time": 2.4227728843688965, "_runtime": 6.396713972091675, "_step": 999, "_wandb": {"runtime": 3}}