{"Cumulative Reward": 102000, "_timestamp": 1694984406.892034, "Total Training Time": 1.2408826351165771, "_runtime": 3.811962127685547, "_step": 999, "_wandb": {"runtime": 3}}