{"Cumulative Reward": 1068100, "_timestamp": 1691621189.946537, "_runtime": 14.46419095993042, "_step": 9999, "_wandb": {"runtime": 14}}