{"cumulative_reward": 731.0, "_timestamp": 1690995999.8217752, "_runtime": 5.167870283126831, "_step": 9999, "_wandb": {"runtime": 6}}