{"Cumulative Reward": 204059, "_timestamp": 1692034192.923522, "Total Training Time": 1.7721261978149414, "_runtime": 3.6842169761657715, "_step": 999, "_wandb": {"runtime": 2}}