{"Cumulative Reward": 100010, "_timestamp": 1694664753.085554, "Total Training Time": 1.233973503112793, "_runtime": 3.687978982925415, "_step": 999, "_wandb": {"runtime": 2}}