{"Total Inference Time": 0.026001930236816406, "_timestamp": 1694925760.5066729, "_runtime": 1.5543279647827148, "_step": 0, "_wandb": {"runtime": 0}}