{"Cumulative Reward": 205022, "_timestamp": 1694664829.7306209, "Total Training Time": 2.09743332862854, "_runtime": 4.505307912826538, "_step": 999, "_wandb": {"runtime": 3}}