{"Cumulative Reward": 2589, "_timestamp": 1691797523.558909, "Total Training Time": 12.183078289031982, "_runtime": 13.952189922332764, "_step": 999, "_wandb": {"runtime": 12}}