{"Cumulative Reward": 102000, "_timestamp": 1694983920.1144361, "Total Training Time": 0.9335038661956787, "_runtime": 3.382341146469116, "_step": 999, "_wandb": {"runtime": 2}}