{"Cumulative Reward": 202004, "_timestamp": 1694826713.615361, "Total Training Time": 0.45149874687194824, "_runtime": 2.22845196723938, "_step": 999, "_wandb": {"runtime": 1}}