{"cumulative_reward": 230.0, "_timestamp": 1689005729.958976, "_runtime": 2.1573219299316406, "_step": 9999, "_wandb": {"runtime": 4}}