{"Cumulative Reward": 1067000, "_timestamp": 1692376078.51704, "Total Training Time": 7.418375015258789, "_runtime": 11.658751964569092, "_step": 9999, "_wandb": {"runtime": 11}}