{"Cumulative Reward": 85582, "_timestamp": 1691027577.350104, "_runtime": 131.66552019119263, "_step": 9999, "_wandb": {"runtime": 131}}