{"cumulative_reward": 8306.0, "_timestamp": 1690440701.1780548, "_runtime": 5.5685648918151855, "_step": 9999, "_wandb": {"runtime": 4}}