{"Total Inference Time": 0.042038917541503906, "_timestamp": 1692034183.7289119, "_runtime": 1.510457992553711, "_step": 6, "_wandb": {"runtime": 0}}