{"Total Inference Time": 0.006047725677490234, "_timestamp": 1694825941.970688, "_runtime": 1.4542419910430908, "_step": 2, "_wandb": {"runtime": 0}}