{"Total Inference Time": 0.016331911087036133, "_timestamp": 1694664051.092271, "_runtime": 1.4746639728546143, "_step": 3, "_wandb": {"runtime": 0}}