{"cumulative_reward": 8391.0, "_timestamp": 1689782642.351289, "_runtime": 20.745988130569458, "_step": 9999, "_wandb": {"runtime": 20}}