{"Total Inference Time": 0.00774693489074707, "_timestamp": 1694826756.3012989, "_runtime": 1.3604049682617188, "_step": 2, "_wandb": {"runtime": 0}}