{"Cumulative Reward": 103000, "_timestamp": 1694925295.659853, "Total Training Time": 0.7571322917938232, "_runtime": 2.4829070568084717, "_step": 999, "_wandb": {"runtime": 2}}