{"Cumulative Reward": 104274, "_timestamp": 1694826969.521417, "Total Training Time": 1.2185380458831787, "_runtime": 3.1369450092315674, "_step": 999, "_wandb": {"runtime": 1}}