{"Cumulative Reward": 1017700, "_timestamp": 1691709871.251821, "Cumulative Time": 14.375557899475098, "_runtime": 14.782416105270386, "_step": 9999, "_wandb": {"runtime": 14}}