{"Cumulative Reward": 104000, "_timestamp": 1694826611.497837, "Total Training Time": 0.46750307083129883, "_runtime": 2.2945470809936523, "_step": 999, "_wandb": {"runtime": 1}}