{"Cumulative Reward": 97594, "_timestamp": 1692918539.909857, "Total Training Time": 2.006007194519043, "_runtime": 3.166749954223633, "_step": 999, "_wandb": {"runtime": 2}}