{"Cumulative Reward": 205063, "_timestamp": 1694666316.37694, "Total Training Time": 10.041245937347412, "_runtime": 17.943850994110107, "_step": 999, "_wandb": {"runtime": 15}}