{"Cumulative Reward": 100985, "_timestamp": 1694652365.1223722, "Total Training Time": 1.2104895114898682, "_runtime": 3.3892822265625, "_step": 999, "_wandb": {"runtime": 3}}