{"Cumulative Reward": 201245, "_timestamp": 1691797325.6896589, "Total Training Time": 1.751126766204834, "_runtime": 2.5702319145202637, "_step": 999, "_wandb": {"runtime": 2}}