{"Cumulative Reward": 106100, "_timestamp": 1692919862.04421, "Total Training Time": 0.8627314567565918, "_runtime": 1.7741248607635498, "_step": 999, "_wandb": {"runtime": 1}}