{"Cumulative Reward": 101012, "_timestamp": 1694825905.508003, "Total Training Time": 0.583831787109375, "_runtime": 4.319983959197998, "_step": 999, "_wandb": {"runtime": 1}}