{"Cumulative Reward": 26371, "_timestamp": 1694825591.834062, "Total Training Time": 3.2531943321228027, "_runtime": 5.3578760623931885, "_step": 999, "_wandb": {"runtime": 3}}