{"Cumulative Reward": 202053, "_timestamp": 1694653534.835424, "Total Training Time": 0.7396731376647949, "_runtime": 2.9445979595184326, "_step": 999, "_wandb": {"runtime": 3}}