{"Cumulative Reward": 98165, "_timestamp": 1692917725.529866, "Total Training Time": 1.0545580387115479, "_runtime": 2.7713029384613037, "_step": 999, "_wandb": {"runtime": 1}}