{"Cumulative Reward": 79997, "_timestamp": 1690823101.5159638, "_runtime": 12.959094762802124, "_step": 9999, "_wandb": {"runtime": 12}}