{"Cumulative Reward": 1081124, "_timestamp": 1691165312.293309, "_runtime": 43.499755859375, "_step": 9999, "_wandb": {"runtime": 42}}