{"Cumulative Reward": 203078, "_timestamp": 1694668067.1376169, "Total Training Time": 0.6691696643829346, "_runtime": 2.5628137588500977, "_step": 999, "_wandb": {"runtime": 1}}