{"Cumulative Reward": 105000, "_timestamp": 1694924774.325556, "Total Training Time": 0.6014220714569092, "_runtime": 1.6076791286468506, "_step": 999, "_wandb": {"runtime": 1}}