{"Cumulative Reward": 103804, "_timestamp": 1694826149.808469, "Total Training Time": 1.1006829738616943, "_runtime": 3.000831127166748, "_step": 999, "_wandb": {"runtime": 1}}