{"Cumulative Reward": 100057, "_timestamp": 1694826228.2259579, "Total Training Time": 0.40602707862854004, "_runtime": 2.227679967880249, "_step": 999, "_wandb": {"runtime": 1}}