{"Cumulative Reward": 202063, "_timestamp": 1692034178.658266, "Total Training Time": 1.8061306476593018, "_runtime": 2.8250620365142822, "_step": 999, "_wandb": {"runtime": 2}}