{"Cumulative Reward": 199015, "_timestamp": 1691797499.84815, "Total Training Time": 3.2985613346099854, "_runtime": 4.47821307182312, "_step": 999, "_wandb": {"runtime": 4}}