{"Cumulative Reward": 100000, "_timestamp": 1694826592.801093, "Total Training Time": 0.30049729347229004, "_runtime": 2.138723134994507, "_step": 999, "_wandb": {"runtime": 1}}