{"Total Inference Time": 0.0377962589263916, "_timestamp": 1694665073.60638, "_runtime": 1.6058270931243896, "_step": 3, "_wandb": {"runtime": 0}}