{"Cumulative Reward": 103954, "_timestamp": 1694826670.1831748, "Total Training Time": 1.076422929763794, "_runtime": 3.089477777481079, "_step": 999, "_wandb": {"runtime": 1}}