{"Cumulative Reward": 105100, "_timestamp": 1693349631.9267242, "Total Training Time": 1.1752729415893555, "_runtime": 2.1611392498016357, "_step": 999, "_wandb": {"runtime": 1}}