{"cumulative_reward": 7147.0, "_timestamp": 1689707399.4677079, "_runtime": 18.979691982269287, "_step": 9999, "_wandb": {"runtime": 18}}