{"Cumulative Reward": 1069796, "_timestamp": 1691622632.4946618, "_runtime": 17.12091588973999, "_step": 9999, "_wandb": {"runtime": 16}}