{"Cumulative Reward": 104800, "_timestamp": 1692919711.569686, "Total Training Time": 1.0321099758148193, "_runtime": 1.897784948348999, "_step": 999, "_wandb": {"runtime": 1}}