{"Cumulative Reward": 104800, "_timestamp": 1692375997.54582, "Total Training Time": 1.0738027095794678, "_runtime": 1.9404900074005127, "_step": 999, "_wandb": {"runtime": 1}}