{"Cumulative Reward": 100985, "_timestamp": 1694826541.4810529, "Total Training Time": 0.41272544860839844, "_runtime": 2.22284197807312, "_step": 999, "_wandb": {"runtime": 0}}