{"Cumulative Reward": 203472, "_timestamp": 1692123882.053619, "Total Training Time": 1.9093399047851562, "_runtime": 2.827380895614624, "_step": 999, "_wandb": {"runtime": 2}}