{"cumulative_reward": 7928.0, "_timestamp": 1690793298.0403295, "_runtime": 7.234994411468506, "_step": 9999, "_wandb": {"runtime": 5}}