{"Cumulative Reward": 204005, "_timestamp": 1694664044.238431, "Total Training Time": 1.432875394821167, "_runtime": 3.8102850914001465, "_step": 999, "_wandb": {"runtime": 5}}