{"Cumulative Reward": 101000, "_timestamp": 1694925734.734554, "Total Training Time": 0.5023527145385742, "_runtime": 2.1028850078582764, "_step": 999, "_wandb": {"runtime": 2}}