{"Cumulative Reward": 20487, "_timestamp": 1694811751.1808262, "Total Training Time": 1.8349759578704834, "_runtime": 3.7355411052703857, "_step": 999, "_wandb": {"runtime": 2}}