{"Cumulative Reward": 203040, "_timestamp": 1694825924.2437918, "Total Training Time": 0.6175041198730469, "_runtime": 2.413228750228882, "_step": 999, "_wandb": {"runtime": 1}}