{"Total Inference Time": 0.023163795471191406, "_timestamp": 1692128579.350848, "_runtime": 1.3113389015197754, "_step": 6, "_wandb": {"runtime": 0}}