{"Cumulative Reward": 1019855, "_timestamp": 1691622682.3302379, "_runtime": 17.08748197555542, "_step": 9999, "_wandb": {"runtime": 16}}