{"Cumulative Reward": 1068400, "_timestamp": 1691702542.192947, "_runtime": 16.885540008544922, "_step": 9999, "_wandb": {"runtime": 15}}