{"Total Inference Time": 0.0042841434478759766, "_timestamp": 1694826731.7192059, "_runtime": 1.4084339141845703, "_step": 1, "_wandb": {"runtime": 0}}