{"Cumulative Reward": 2086671, "_timestamp": 1692128294.583816, "Total Training Time": 20.081623554229736, "_runtime": 26.56981110572815, "_step": 9999, "_wandb": {"runtime": 26}}