{"Total Inference Time": 0.01400303840637207, "_timestamp": 1694664471.659704, "_runtime": 1.5146028995513916, "_step": 3, "_wandb": {"runtime": 0}}