{"Cumulative Reward": 105700, "_timestamp": 1692144837.338314, "Total Training Time": 1.7060041427612305, "_runtime": 3.1376709938049316, "_step": 999, "_wandb": {"runtime": 2}}