{"Cumulative Reward": 100090, "_timestamp": 1694665059.236212, "Total Training Time": 1.363387107849121, "_runtime": 3.8280560970306396, "_step": 999, "_wandb": {"runtime": 2}}