{"Cumulative Reward": 101889, "_timestamp": 1694826176.041318, "Total Training Time": 0.6375465393066406, "_runtime": 3.523080825805664, "_step": 999, "_wandb": {"runtime": 1}}