{"cumulative_reward": 7854.0, "_timestamp": 1690442746.5998127, "_runtime": 5.6599626541137695, "_step": 9999, "_wandb": {"runtime": 4}}