{"Cumulative Reward": 20896, "_timestamp": 1691026979.30725, "_runtime": 79.42012810707092, "_step": 9999, "_wandb": {"runtime": 78}}