{"Cumulative Reward": 103000, "_timestamp": 1694924736.768033, "Total Training Time": 0.4722909927368164, "_runtime": 1.5817029476165771, "_step": 999, "_wandb": {"runtime": 1}}