{"Cumulative Reward": 12476, "_timestamp": 1690991812.754766, "_runtime": 186.39419603347778, "_step": 99}