{"Total Inference Time": 0.1153101921081543, "_timestamp": 1691797215.058857, "_runtime": 1.4423420429229736, "_step": 6, "_wandb": {"runtime": 0}}