{"Cumulative Reward": 202049, "_timestamp": 1694668103.922287, "Total Training Time": 0.5018303394317627, "_runtime": 2.368499994277954, "_step": 999, "_wandb": {"runtime": 1}}