{"Total Inference Time": 0.015505313873291016, "_timestamp": 1691797330.638458, "_runtime": 1.4146521091461182, "_step": 6, "_wandb": {"runtime": 0}}