{"Cumulative Reward": 210112, "_timestamp": 1694826197.95929, "Total Training Time": 1.3564629554748535, "_runtime": 3.2428369522094727, "_step": 999, "_wandb": {"runtime": 1}}