{"Cumulative Reward": 212030, "_timestamp": 1694826976.158454, "Total Training Time": 1.4845564365386963, "_runtime": 3.405745029449463, "_step": 999, "_wandb": {"runtime": 2}}