{"Cumulative Reward": 1009532, "_timestamp": 1691600906.383271, "_runtime": 18.621335983276367, "_step": 9999, "_wandb": {"runtime": 18}}