{"Cumulative Reward": 107000, "_timestamp": 1694663585.5641432, "Total Training Time": 1.383674144744873, "_runtime": 2.945739269256592, "_step": 999, "_wandb": {"runtime": 4}}