{"Cumulative Reward": 98400, "_timestamp": 1693239809.825131, "Total Training Time": 2.5388712882995605, "_runtime": 4.010687828063965, "_step": 999, "_wandb": {"runtime": 3}}