{"Cumulative Reward": 8890, "_timestamp": 1694811572.927466, "Total Training Time": 1.8789362907409668, "_runtime": 3.854619026184082, "_step": 999, "_wandb": {"runtime": 3}}