{"Cumulative Reward": 100055, "_timestamp": 1694653526.370937, "Total Training Time": 0.6336581707000732, "_runtime": 2.726335048675537, "_step": 999, "_wandb": {"runtime": 3}}