{"Cumulative Reward": 204263, "_timestamp": 1694440065.648583, "Total Training Time": 1.439270257949829, "_runtime": 2.575356960296631, "_step": 999, "_wandb": {"runtime": 16}}