{"Cumulative Reward": 1068500, "_timestamp": 1692128349.24242, "Total Training Time": 19.14360809326172, "_runtime": 26.22689199447632, "_step": 9999, "_wandb": {"runtime": 25}}