{"Cumulative Reward": 202780, "_timestamp": 1692144726.515378, "Total Training Time": 1.421985387802124, "_runtime": 2.3047289848327637, "_step": 999, "_wandb": {"runtime": 1}}