{"Cumulative Reward": 100019, "_timestamp": 1694664489.057143, "Total Training Time": 0.8705379962921143, "_runtime": 3.1535630226135254, "_step": 999, "_wandb": {"runtime": 2}}