{"Total Inference Time": 0.008638381958007812, "_timestamp": 1694825917.038778, "_runtime": 1.4212441444396973, "_step": 3, "_wandb": {"runtime": 0}}