{"Cumulative Reward": 100008, "_timestamp": 1694666849.988158, "Total Training Time": 0.826756477355957, "_runtime": 2.6739749908447266, "_step": 999, "_wandb": {"runtime": 1}}