{"Cumulative Reward": 99453, "_timestamp": 1692749087.057605, "Total Training Time": 2.2399489879608154, "_runtime": 4.3294970989227295, "_step": 999, "_wandb": {"runtime": 3}}