{"Total Inference Time": 0.010511159896850586, "_timestamp": 1694826835.905292, "_runtime": 1.401576042175293, "_step": 3, "_wandb": {"runtime": 0}}