{"Total Inference Time": 0.015178918838500977, "_timestamp": 1694826268.222667, "_runtime": 1.6265039443969727, "_step": 7, "_wandb": {"runtime": 0}}