{"Cumulative Reward": 98260, "_timestamp": 1692229530.6220958, "Total Training Time": 2.308198928833008, "_runtime": 4.295137882232666, "_step": 999, "_wandb": {"runtime": 3}}