{"cumulative_reward": 11881.0, "_timestamp": 1691433203.233377, "_runtime": 12.944983959197998, "_step": 9999}