{"Cumulative Reward": 204007, "_timestamp": 1694652261.399307, "Total Training Time": 1.309880018234253, "_runtime": 3.5756540298461914, "_step": 999, "_wandb": {"runtime": 4}}