{"Cumulative Reward": 205975, "_timestamp": 1694664863.819214, "Total Training Time": 2.0752978324890137, "_runtime": 4.714881181716919, "_step": 999, "_wandb": {"runtime": 3}}