{"Cumulative Reward": 104500, "_timestamp": 1692748820.60692, "Total Training Time": 1.6499595642089844, "_runtime": 2.9052679538726807, "_step": 999, "_wandb": {"runtime": 2}}