{"Cumulative Reward": 100981, "_timestamp": 1694826745.081933, "Total Training Time": 0.47926807403564453, "_runtime": 2.369966983795166, "_step": 999, "_wandb": {"runtime": 1}}