{"Cumulative Reward": 201573, "_timestamp": 1692123957.365309, "Total Training Time": 2.028599262237549, "_runtime": 2.972196102142334, "_step": 999, "_wandb": {"runtime": 2}}