{"Cumulative Reward": 202452, "_timestamp": 1692144798.894372, "Total Training Time": 2.5291025638580322, "_runtime": 5.3622190952301025, "_step": 999, "_wandb": {"runtime": 3}}