{"Cumulative Reward": 203975, "_timestamp": 1694825424.087899, "Total Training Time": 1.2488372325897217, "_runtime": 2.669520854949951, "_step": 999, "_wandb": {"runtime": 5}}