{"Cumulative Reward": 105300, "_timestamp": 1692375210.9687, "Total Training Time": 1.646491527557373, "_runtime": 2.9420969486236572, "_step": 999, "_wandb": {"runtime": 2}}