{"Cumulative Reward": 99456, "_timestamp": 1692210916.1087282, "Total Training Time": 2.0000429153442383, "_runtime": 3.9241631031036377, "_step": 999, "_wandb": {"runtime": 2}}