{"Cumulative Reward": 100010, "_timestamp": 1694668085.337687, "Total Training Time": 0.5194137096405029, "_runtime": 2.35852313041687, "_step": 999, "_wandb": {"runtime": 1}}