{"Cumulative Reward": 1019359, "_timestamp": 1691624102.825054, "_runtime": 14.866237878799438, "_step": 9999, "_wandb": {"runtime": 14}}