{"Cumulative Reward": 228, "_timestamp": 1692899577.7783208, "Total Training Time": 0.04027962684631348, "_runtime": 2.396909713745117, "_step": 3, "_wandb": {"runtime": 0}}