{"Total Inference Time": 0.018904924392700195, "_timestamp": 1692128594.622771, "_runtime": 1.3972280025482178, "_step": 6, "_wandb": {"runtime": 0}}