{"Cumulative Reward": 103802, "_timestamp": 1694826365.755281, "Total Training Time": 1.1675045490264893, "_runtime": 3.039742946624756, "_step": 999, "_wandb": {"runtime": 1}}