{"Cumulative Reward": 202045, "_timestamp": 1694825880.923423, "Total Training Time": 0.46753811836242676, "_runtime": 2.4081389904022217, "_step": 999, "_wandb": {"runtime": 1}}