{"cumulative_reward": 11238.0, "_timestamp": 1691432102.10874, "_runtime": 25.54033398628235, "_step": 9999}