{"Cumulative Reward": 105000, "_timestamp": 1693240470.604064, "Total Training Time": 0.9630382061004639, "_runtime": 1.82755708694458, "_step": 999, "_wandb": {"runtime": 1}}