{"Total Inference Time": 0.022522926330566406, "_timestamp": 1692123452.60506, "_runtime": 0.495743989944458, "_step": 6, "_wandb": {"runtime": 0}}