{"Cumulative Reward": 194961, "_timestamp": 1693350370.795182, "Total Training Time": 1.9651916027069092, "_runtime": 3.4971981048583984, "_step": 999, "_wandb": {"runtime": 2}}