{"Cumulative Reward": 213, "_timestamp": 1692376188.931966, "Total Training Time": 0.09395313262939453, "_runtime": 1.4181160926818848, "_step": 9, "_wandb": {"runtime": 0}}