{"Cumulative Reward": 98530, "_timestamp": 1692396462.955803, "Total Training Time": 1.8044121265411377, "_runtime": 3.597028970718384, "_step": 999, "_wandb": {"runtime": 2}}