{"Cumulative Reward": 102947, "_timestamp": 1694826850.976305, "Total Training Time": 0.8100793361663818, "_runtime": 4.032496929168701, "_step": 999, "_wandb": {"runtime": 1}}