{"Total Inference Time": 0.009387969970703125, "_timestamp": 1694665107.5307891, "_runtime": 1.6064832210540771, "_step": 0, "_wandb": {"runtime": 0}}