{"cumulative_reward": 842.0, "_timestamp": 1692128699.971217, "_runtime": 5.103941917419434, "_step": 2047, "_wandb": {"runtime": 5}}