{"Cumulative Reward": 104200, "_timestamp": 1692918371.7172348, "Total Training Time": 0.9806451797485352, "_runtime": 1.8774757385253906, "_step": 999, "_wandb": {"runtime": 1}}