{"Cumulative Reward": 203981, "_timestamp": 1694826535.447711, "Total Training Time": 0.5416815280914307, "_runtime": 2.344369888305664, "_step": 999, "_wandb": {"runtime": 1}}