{"Cumulative Reward": 105000, "_timestamp": 1694664351.698077, "Total Training Time": 1.1253645420074463, "_runtime": 2.715934991836548, "_step": 999, "_wandb": {"runtime": 5}}