{"Cumulative Reward": 79987, "_timestamp": 1691025247.736188, "_runtime": 15.468150854110718, "_step": 9999, "_wandb": {"runtime": 14}}