{"Cumulative Reward": 201000, "_timestamp": 1694650698.634502, "Total Training Time": 0.481212854385376, "_runtime": 2.6129708290100098, "_step": 999, "_wandb": {"runtime": 2}}