{"Cumulative Reward": 99067, "_timestamp": 1693240178.3740458, "Total Training Time": 1.1354081630706787, "_runtime": 2.808734893798828, "_step": 999, "_wandb": {"runtime": 1}}