{"Cumulative Reward": 104200, "_timestamp": 1692748756.408854, "Total Training Time": 1.652315378189087, "_runtime": 2.964453935623169, "_step": 999, "_wandb": {"runtime": 2}}