{"Cumulative Reward": 305, "_timestamp": 1692899583.904522, "Total Training Time": 0.03403306007385254, "_runtime": 1.4399960041046143, "_step": 3, "_wandb": {"runtime": 0}}