{"Cumulative Reward": 104000, "_timestamp": 1694664544.009154, "Total Training Time": 0.5508699417114258, "_runtime": 1.6152541637420654, "_step": 999, "_wandb": {"runtime": 4}}