{"Cumulative Reward": 205979, "_timestamp": 1694825386.608417, "Total Training Time": 1.281369924545288, "_runtime": 2.3717751502990723, "_step": 999, "_wandb": {"runtime": 8}}