{"Cumulative Reward": 106600, "_timestamp": 1693349687.842345, "Total Training Time": 0.9267020225524902, "_runtime": 1.798414945602417, "_step": 999, "_wandb": {"runtime": 1}}