{"Cumulative Reward": 208970, "_timestamp": 1694826843.88406, "Total Training Time": 1.371232509613037, "_runtime": 3.292545795440674, "_step": 999, "_wandb": {"runtime": 1}}