{"cumulative_reward": 8213.0, "_timestamp": 1689788383.342881, "_runtime": 12.408604860305786, "_step": 9999, "_wandb": {"runtime": 12}}