{"Cumulative Reward": 104600, "_timestamp": 1693244615.091851, "Total Training Time": 3.17160964012146, "_runtime": 5.097054958343506, "_step": 999, "_wandb": {"runtime": 4}}