{"Cumulative Reward": 105700, "_timestamp": 1692749165.607564, "Total Training Time": 1.0593719482421875, "_runtime": 1.8900549411773682, "_step": 999, "_wandb": {"runtime": 1}}