{"Cumulative Reward": -26, "_timestamp": 1690823041.262487, "_runtime": 0.4891350269317627, "_step": 0, "_wandb": {"runtime": 0}}