{"Total Inference Time": 0.24191617965698242, "_timestamp": 1694664944.60867, "_runtime": 1.747771978378296, "_step": 15, "_wandb": {"runtime": 0}}