{"cumulative_reward": 114.0, "_timestamp": 1691621392.862476, "_runtime": 27.15068006515503, "_step": 9999, "_wandb": {"runtime": 26}}