{"Total Inference Time": 0.005789518356323242, "_timestamp": 1694924754.291035, "_runtime": 1.4840199947357178, "_step": 2, "_wandb": {"runtime": 0}}