{"cumulative_reward": -5597.0, "_timestamp": 1688967454.776266, "_runtime": 2.180455207824707, "_step": 9999, "_wandb": {"runtime": 3}}