{"Cumulative Reward": 1016645, "_timestamp": 1691709919.2403588, "Cumulative Time": 13.976515293121338, "_runtime": 14.370015859603882, "_step": 9999, "_wandb": {"runtime": 14}}