{"Total Inference Time": 0.015078067779541016, "_timestamp": 1694826321.3606231, "_runtime": 1.4002251625061035, "_step": 5, "_wandb": {"runtime": 0}}