{"Total Inference Time": 0.015134096145629883, "_timestamp": 1694826402.6982322, "_runtime": 1.4272372722625732, "_step": 5, "_wandb": {"runtime": 0}}