{"Cumulative Reward": 202944, "_timestamp": 1694826011.164144, "Total Training Time": 0.46622371673583984, "_runtime": 2.6882760524749756, "_step": 999, "_wandb": {"runtime": 1}}