{"Cumulative Reward": 197248, "_timestamp": 1691797195.168171, "Total Training Time": 2.013603687286377, "_runtime": 2.823856830596924, "_step": 999, "_wandb": {"runtime": 2}}