{"Cumulative Reward": 98335, "_timestamp": 1693239439.278097, "Total Training Time": 3.6206235885620117, "_runtime": 5.03567099571228, "_step": 999, "_wandb": {"runtime": 4}}