{"Cumulative Reward": 106000, "_timestamp": 1694664145.429617, "Total Training Time": 1.2511792182922363, "_runtime": 2.8489818572998047, "_step": 999, "_wandb": {"runtime": 48}}