{"Total Inference Time": 0.005731105804443359, "_timestamp": 1694650719.472776, "_runtime": 2.2015109062194824, "_step": 0, "_wandb": {"runtime": 0}}