{"Cumulative Reward": 101700, "_timestamp": 1692399479.474591, "Total Training Time": 1.9186501502990723, "_runtime": 3.2935729026794434, "_step": 999, "_wandb": {"runtime": 2}}