{"Cumulative Reward": 195468, "_timestamp": 1691110216.4306712, "_runtime": 53.21466422080994, "_step": 999, "_wandb": {"runtime": 52}}