{"Cumulative Reward": 102987, "_timestamp": 1694826695.325423, "Total Training Time": 1.0601615905761719, "_runtime": 2.881524085998535, "_step": 999, "_wandb": {"runtime": 1}}