{"Cumulative Reward": 104600, "_timestamp": 1692229884.633415, "Total Training Time": 2.512756824493408, "_runtime": 4.044087886810303, "_step": 999, "_wandb": {"runtime": 3}}