{"Total Inference Time": 0.019465208053588867, "_timestamp": 1694652688.791771, "_runtime": 1.5810248851776123, "_step": 4, "_wandb": {"runtime": 0}}