{"Cumulative Reward": 11793, "_timestamp": 1694811701.948562, "Total Training Time": 1.2875933647155762, "_runtime": 3.064185857772827, "_step": 999, "_wandb": {"runtime": 1}}