{"Cumulative Reward": 303, "_timestamp": 1692899661.294534, "Total Training Time": 0.025489091873168945, "_runtime": 1.2299590110778809, "_step": 3, "_wandb": {"runtime": 0}}