{"cumulative_reward": 9222.0, "_timestamp": 1690882306.7165616, "_runtime": 8.462334632873535, "_step": 9999, "_wandb": {"runtime": 6}}