{"Cumulative Reward": 202054, "_timestamp": 1694826222.136353, "Total Training Time": 0.45801448822021484, "_runtime": 2.168433904647827, "_step": 999, "_wandb": {"runtime": 1}}