{"Cumulative Reward": 101022, "_timestamp": 1694664716.584806, "Total Training Time": 1.4112508296966553, "_runtime": 3.838027000427246, "_step": 999, "_wandb": {"runtime": 2}}