{"Cumulative Reward": 205027, "_timestamp": 1694664846.5349371, "Total Training Time": 2.3122012615203857, "_runtime": 4.915380239486694, "_step": 999, "_wandb": {"runtime": 3}}