{"Cumulative Reward": 1010474, "_timestamp": 1692376100.464113, "Total Training Time": 8.649544715881348, "_runtime": 13.42728590965271, "_step": 9999, "_wandb": {"runtime": 12}}