{"Cumulative Reward": 201000, "_timestamp": 1694925753.400785, "Total Training Time": 0.5735578536987305, "_runtime": 3.6461870670318604, "_step": 999, "_wandb": {"runtime": 2}}