{"Cumulative Reward": 71384, "_timestamp": 1690988998.889547, "_runtime": 19.832212209701538, "_step": 8923}