{"Total Inference Time": 0.025686979293823242, "_timestamp": 1694664733.391561, "_runtime": 1.4879961013793945, "_step": 3, "_wandb": {"runtime": 0}}