{"Cumulative Reward": 97755, "_timestamp": 1692749316.514524, "Total Training Time": 1.1671702861785889, "_runtime": 2.846406936645508, "_step": 999, "_wandb": {"runtime": 1}}