{"Cumulative Reward": 100055, "_timestamp": 1694826004.615598, "Total Training Time": 0.38778209686279297, "_runtime": 2.235624074935913, "_step": 999, "_wandb": {"runtime": 1}}