{"Cumulative Reward": 8762, "_timestamp": 1694811736.815199, "Total Training Time": 0.9594898223876953, "_runtime": 1.9621679782867432, "_step": 999, "_wandb": {"runtime": 1}}