{"Total Inference Time": 0.006644010543823242, "_timestamp": 1694826528.415547, "_runtime": 1.4487979412078857, "_step": 2, "_wandb": {"runtime": 0}}