{"Cumulative Reward": 99059, "_timestamp": 1693237772.788824, "Total Training Time": 1.0350236892700195, "_runtime": 2.7145230770111084, "_step": 999, "_wandb": {"runtime": 1}}