{"Cumulative Reward": 203988, "_timestamp": 1694826523.2097988, "Total Training Time": 0.5351173877716064, "_runtime": 2.396084785461426, "_step": 999, "_wandb": {"runtime": 1}}