{"cumulative_reward": 4530.0, "_timestamp": 1689005882.414421, "_runtime": 2.17342209815979, "_step": 9999, "_wandb": {"runtime": 4}}