{"Cumulative Reward": 8780, "_timestamp": 1694650194.863471, "Total Training Time": 1.3988912105560303, "_runtime": 3.6663310527801514, "_step": 999, "_wandb": {"runtime": 3}}