{"Cumulative Reward": 206021, "_timestamp": 1694664369.985226, "Total Training Time": 1.497887372970581, "_runtime": 3.8518948554992676, "_step": 999, "_wandb": {"runtime": 4}}