{"Cumulative Reward": 199824, "_timestamp": 1692123920.3114529, "Total Training Time": 2.070784568786621, "_runtime": 3.021329879760742, "_step": 999, "_wandb": {"runtime": 2}}