{"Total Inference Time": 0.054351806640625, "_timestamp": 1694664904.870246, "_runtime": 1.6471199989318848, "_step": 7, "_wandb": {"runtime": 0}}