{"Cumulative Reward": 202578, "_timestamp": 1692138767.7483132, "Total Training Time": 4.212644815444946, "_runtime": 6.16795015335083, "_step": 999, "_wandb": {"runtime": 5}}