{"cumulative_reward": 4622.0, "_timestamp": 1689622460.418252, "_runtime": 25.375219106674194, "_step": 9999, "_wandb": {"runtime": 25}}