{"Cumulative Reward": 205985, "_timestamp": 1694826168.65746, "Total Training Time": 0.9067931175231934, "_runtime": 2.502713918685913, "_step": 999, "_wandb": {"runtime": 1}}