{"Total Inference Time": 0.0037245750427246094, "_timestamp": 1694827015.9631748, "_runtime": 1.431384801864624, "_step": 1, "_wandb": {"runtime": 0}}