{"Cumulative Reward": 101041, "_timestamp": 1694664456.847428, "Total Training Time": 0.9869475364685059, "_runtime": 3.2325401306152344, "_step": 999, "_wandb": {"runtime": 2}}