{"Cumulative Reward": 208923, "_timestamp": 1694826130.8938801, "Total Training Time": 1.0502448081970215, "_runtime": 4.17379903793335, "_step": 999, "_wandb": {"runtime": 1}}