{"Cumulative Reward": 203054, "_timestamp": 1692123424.2456, "Total Training Time": 6.6073925495147705, "_runtime": 39.94797706604004, "_step": 999, "_wandb": {"runtime": 39}}