{"Cumulative Reward": 203012, "_timestamp": 1694825961.806321, "Total Training Time": 0.6244487762451172, "_runtime": 2.462617874145508, "_step": 999, "_wandb": {"runtime": 1}}