{"Total Inference Time": 0.02598857879638672, "_timestamp": 1694664800.856138, "_runtime": 1.926145076751709, "_step": 3, "_wandb": {"runtime": 0}}