{"Cumulative Reward": 205031, "_timestamp": 1694664448.1734378, "Total Training Time": 2.2146525382995605, "_runtime": 4.14913272857666, "_step": 999, "_wandb": {"runtime": 3}}