{"Cumulative Reward": 97591, "_timestamp": 1692814355.449836, "Total Training Time": 1.1024153232574463, "_runtime": 2.80013108253479, "_step": 999, "_wandb": {"runtime": 1}}