{"Cumulative Reward": 99035, "_timestamp": 1693349641.663122, "Total Training Time": 1.284644603729248, "_runtime": 2.872316837310791, "_step": 999, "_wandb": {"runtime": 1}}