{"Cumulative Reward": 205098, "_timestamp": 1694652682.712333, "Total Training Time": 1.4557805061340332, "_runtime": 3.7358429431915283, "_step": 999, "_wandb": {"runtime": 2}}