{"Cumulative Reward": 98469, "_timestamp": 1692211769.726054, "Total Training Time": 1.2508752346038818, "_runtime": 2.8503148555755615, "_step": 999, "_wandb": {"runtime": 1}}