{"Cumulative Reward": 203010, "_timestamp": 1694664761.7345312, "Total Training Time": 1.4368643760681152, "_runtime": 3.989110231399536, "_step": 999, "_wandb": {"runtime": 2}}