{"cumulative_reward": 4175.0, "_timestamp": 1689097178.504895, "_runtime": 5.337423086166382, "_step": 9999, "_wandb": {"runtime": 6}}