{"Cumulative Reward": 376432, "_timestamp": 1691110089.4387798, "_runtime": 124.37163281440735, "_step": 1890}