{"Cumulative Reward": 97316, "_timestamp": 1692919868.647926, "Total Training Time": 1.1466875076293945, "_runtime": 2.852638006210327, "_step": 999, "_wandb": {"runtime": 1}}