{"Cumulative Reward": 99247, "_timestamp": 1692748658.81867, "Total Training Time": 1.0626425743103027, "_runtime": 2.7309420108795166, "_step": 999, "_wandb": {"runtime": 1}}