{"Cumulative Reward": 98372, "_timestamp": 1692814018.9894001, "Total Training Time": 1.1427736282348633, "_runtime": 2.8004162311553955, "_step": 999, "_wandb": {"runtime": 1}}