{"Cumulative Reward": 99448, "_timestamp": 1692658577.781183, "Total Training Time": 1.286128044128418, "_runtime": 2.854401111602783, "_step": 999, "_wandb": {"runtime": 1}}