{"Cumulative Reward": 208007, "_timestamp": 1694826263.5319161, "Total Training Time": 1.2611427307128906, "_runtime": 3.156431198120117, "_step": 999, "_wandb": {"runtime": 1}}