{"Cumulative Reward": 1069895, "_timestamp": 1691109859.464133, "_runtime": 14.0888090133667, "_step": 9999, "_wandb": {"runtime": 13}}