{"Cumulative Reward": 100002, "_timestamp": 1694664888.647944, "Total Training Time": 2.2587523460388184, "_runtime": 4.6950109004974365, "_step": 999, "_wandb": {"runtime": 3}}