{"Cumulative Reward": 103600, "_timestamp": 1692658569.045061, "Total Training Time": 2.914355993270874, "_runtime": 4.86446213722229, "_step": 999, "_wandb": {"runtime": 4}}