{"Total Inference Time": 0.042305707931518555, "_timestamp": 1692138825.755687, "_runtime": 0.9120340347290039, "_step": 6, "_wandb": {"runtime": 0}}