{"Total Inference Time": 0.062033891677856445, "_timestamp": 1694985118.3130891, "_runtime": 0.877446174621582, "_step": 1, "_wandb": {"runtime": 0}}