{"Cumulative Reward": 100976, "_timestamp": 1694826796.5383208, "Total Training Time": 0.47089624404907227, "_runtime": 2.299003839492798, "_step": 999, "_wandb": {"runtime": 1}}