{"Cumulative Reward": 100008, "_timestamp": 1694664785.5278, "Total Training Time": 1.429802417755127, "_runtime": 3.840313196182251, "_step": 999, "_wandb": {"runtime": 2}}