{"Cumulative Reward": 106500, "_timestamp": 1694649180.590843, "Total Training Time": 1.4043323993682861, "_runtime": 4.467087984085083, "_step": 999, "_wandb": {"runtime": 6}}