{"Cumulative Reward": 20585, "_timestamp": 1694825583.849035, "Total Training Time": 3.7667815685272217, "_runtime": 6.626197099685669, "_step": 999, "_wandb": {"runtime": 5}}