{"Cumulative Reward": 198456, "_timestamp": 1694437430.002027, "Total Training Time": 1.6517956256866455, "_runtime": 2.7812321186065674, "_step": 999, "_wandb": {"runtime": 2}}