{"Cumulative Reward": 202050, "_timestamp": 1694826234.453891, "Total Training Time": 0.4715754985809326, "_runtime": 2.3118081092834473, "_step": 999, "_wandb": {"runtime": 1}}