{"Cumulative Reward": 103400, "_timestamp": 1692747533.517935, "Total Training Time": 1.3443541526794434, "_runtime": 2.2957050800323486, "_step": 999, "_wandb": {"runtime": 1}}