{"Total Inference Time": 0.018654823303222656, "_timestamp": 1694665041.256923, "_runtime": 1.6057209968566895, "_step": 2, "_wandb": {"runtime": 0}}