{"Cumulative Reward": 210969, "_timestamp": 1694826651.364963, "Total Training Time": 1.1561810970306396, "_runtime": 3.056072950363159, "_step": 999, "_wandb": {"runtime": 1}}