{"Cumulative Reward": 102000, "_timestamp": 1692658816.269685, "Total Training Time": 1.2300379276275635, "_runtime": 2.133683919906616, "_step": 999, "_wandb": {"runtime": 1}}