{"cumulative_reward": 10000.0, "_timestamp": 1689005512.711884, "_runtime": 2.2713451385498047, "_step": 9999, "_wandb": {"runtime": 4}}