{"Total Inference Time": 0.01263117790222168, "_timestamp": 1694826187.2527292, "_runtime": 1.460245132446289, "_step": 4, "_wandb": {"runtime": 0}}