{"Total Inference Time": 0.025228261947631836, "_timestamp": 1694826954.51306, "_runtime": 1.6472740173339844, "_step": 8, "_wandb": {"runtime": 0}}