{"Cumulative Reward": 203034, "_timestamp": 1694664420.4690912, "Total Training Time": 1.2550857067108154, "_runtime": 3.8152081966400146, "_step": 999, "_wandb": {"runtime": 2}}