{"Total Inference Time": 1.4314839839935303, "_timestamp": 1691956556.008609, "_runtime": 3.0773651599884033, "_step": 99, "_wandb": {"runtime": 1}}