{"Cumulative Reward": 204272, "_timestamp": 1694538330.05614, "Total Training Time": 1.4310379028320312, "_runtime": 2.714388847351074, "_step": 999, "_wandb": {"runtime": 6}}