{"Cumulative Reward": 202454, "_timestamp": 1692025312.850488, "Total Training Time": 1.8847010135650635, "_runtime": 2.9307520389556885, "_step": 999, "_wandb": {"runtime": 2}}