{"Cumulative Reward": 105400, "_timestamp": 1692211841.077651, "Total Training Time": 0.8754715919494629, "_runtime": 1.747452974319458, "_step": 999, "_wandb": {"runtime": 1}}