{"Cumulative Reward": 79978, "_timestamp": 1690992952.8607428, "_runtime": 13.441887855529785, "_step": 9999, "_wandb": {"runtime": 12}}