{"Cumulative Reward": 2088643, "_timestamp": 1691111764.85446, "_runtime": 26.56601905822754, "_step": 9999, "_wandb": {"runtime": 25}}