{"Cumulative Reward": 105700, "_timestamp": 1692396453.6845922, "Total Training Time": 1.8771870136260986, "_runtime": 3.481279134750366, "_step": 999, "_wandb": {"runtime": 2}}