{"Cumulative Reward": 100600, "_timestamp": 1692145819.682065, "Total Training Time": 1.1818645000457764, "_runtime": 2.136173963546753, "_step": 999, "_wandb": {"runtime": 1}}