{"Cumulative Reward": 206032, "_timestamp": 1694826182.400649, "Total Training Time": 0.8144950866699219, "_runtime": 2.737481117248535, "_step": 999, "_wandb": {"runtime": 1}}