{"Cumulative Reward": 100000, "_timestamp": 1694826943.3899572, "Total Training Time": 1.1542060375213623, "_runtime": 3.091109275817871, "_step": 999, "_wandb": {"runtime": 1}}