{"Total Inference Time": 0.005370378494262695, "_timestamp": 1694826016.437071, "_runtime": 1.4050450325012207, "_step": 1, "_wandb": {"runtime": 0}}