{"Cumulative Reward": 100000, "_timestamp": 1694984414.6217852, "Total Training Time": 0.6497960090637207, "_runtime": 2.727429151535034, "_step": 999, "_wandb": {"runtime": 1}}