{"Cumulative Reward": 203597, "_timestamp": 1694439166.924156, "Total Training Time": 1.3914785385131836, "_runtime": 2.4603610038757324, "_step": 999, "_wandb": {"runtime": 1}}