{"Cumulative Reward": 314952, "_timestamp": 1690993915.1753862, "_runtime": 600.7390372753143, "_step": 1999}