{"Cumulative Reward": 105500, "_timestamp": 1692814314.847648, "Total Training Time": 0.9058399200439453, "_runtime": 1.7854819297790527, "_step": 999, "_wandb": {"runtime": 1}}