{"Cumulative Reward": 203661, "_timestamp": 1692123697.6889548, "Total Training Time": 1.8911049365997314, "_runtime": 2.7727649211883545, "_step": 999, "_wandb": {"runtime": 2}}