{"Cumulative Reward": 203000, "_timestamp": 1694826751.288827, "Total Training Time": 0.6245477199554443, "_runtime": 2.4743828773498535, "_step": 999, "_wandb": {"runtime": 1}}