{"Cumulative Reward": 204844, "_timestamp": 1692139813.242362, "Total Training Time": 1.44035005569458, "_runtime": 2.682054042816162, "_step": 999, "_wandb": {"runtime": 2}}