{"Cumulative Reward": 1071093, "_timestamp": 1691166543.130421, "_runtime": 24.95875597000122, "_step": 9999, "_wandb": {"runtime": 24}}