{"Cumulative Reward": 210721, "_timestamp": 1694826778.837208, "Total Training Time": 1.27748703956604, "_runtime": 3.1305041313171387, "_step": 999, "_wandb": {"runtime": 1}}