{"Cumulative Reward": 105200, "_timestamp": 1692896504.7870378, "Total Training Time": 1.5835344791412354, "_runtime": 2.930433750152588, "_step": 999, "_wandb": {"runtime": 2}}