{"Cumulative Reward": 202674, "_timestamp": 1694825037.1285079, "Total Training Time": 1.3629350662231445, "_runtime": 2.396894931793213, "_step": 999, "_wandb": {"runtime": 15}}