{"Cumulative Reward": 99547, "_timestamp": 1692230107.86676, "Total Training Time": 1.2229366302490234, "_runtime": 2.9434850215911865, "_step": 999, "_wandb": {"runtime": 1}}