{"Cumulative Reward": 2085659, "_timestamp": 1692141264.667155, "Total Training Time": 10.612744092941284, "_runtime": 14.998286008834839, "_step": 9999, "_wandb": {"runtime": 14}}