{"Cumulative Reward": 214777, "_timestamp": 1694826359.327143, "Total Training Time": 1.7700014114379883, "_runtime": 3.6103858947753906, "_step": 999, "_wandb": {"runtime": 2}}