{"Cumulative Reward": 99254, "_timestamp": 1692919894.659137, "Total Training Time": 1.0542497634887695, "_runtime": 2.7000601291656494, "_step": 999, "_wandb": {"runtime": 1}}