{"Cumulative Reward": 99645, "_timestamp": 1692748927.472867, "Total Training Time": 1.905677318572998, "_runtime": 3.8585920333862305, "_step": 999, "_wandb": {"runtime": 2}}