{"Cumulative Reward": 99247, "_timestamp": 1692211185.687356, "Total Training Time": 2.0024514198303223, "_runtime": 4.140841007232666, "_step": 999, "_wandb": {"runtime": 2}}