{"Cumulative Reward": 200972, "_timestamp": 1692138736.0192692, "Total Training Time": 171.0719690322876, "_runtime": 175.56010031700134, "_step": 999, "_wandb": {"runtime": 173}}