{"Cumulative Reward": 101035, "_timestamp": 1694924780.413111, "Total Training Time": 0.6772611141204834, "_runtime": 2.407878875732422, "_step": 999, "_wandb": {"runtime": 1}}