{"Cumulative Reward": 79978, "_timestamp": 1690994623.2734349, "_runtime": 13.402323961257935, "_step": 9999, "_wandb": {"runtime": 12}}