{"Cumulative Reward": 209000, "_timestamp": 1694826949.694947, "Total Training Time": 1.2613270282745361, "_runtime": 3.1542038917541504, "_step": 999, "_wandb": {"runtime": 1}}