{"Cumulative Reward": 205030, "_timestamp": 1694664812.4182458, "Total Training Time": 2.2779743671417236, "_runtime": 4.853115797042847, "_step": 999, "_wandb": {"runtime": 3}}