{"cumulative_reward": 4400.0, "_timestamp": 1689706730.3858402, "_runtime": 11.658466100692749, "_step": 9999, "_wandb": {"runtime": 11}}