{"Total Inference Time": 0.018944501876831055, "_timestamp": 1694538354.738793, "_runtime": 1.8366057872772217, "_step": 6, "_wandb": {"runtime": 0}}