{"Cumulative Reward": 114000, "_timestamp": 1694826277.447168, "Total Training Time": 1.5142717361450195, "_runtime": 3.5406250953674316, "_step": 999, "_wandb": {"runtime": 2}}