{"Cumulative Reward": 98642, "_timestamp": 1692918187.998591, "Total Training Time": 2.0842411518096924, "_runtime": 4.209014892578125, "_step": 999, "_wandb": {"runtime": 2}}