{"cumulative_reward": 38378.0, "_timestamp": 1691455008.3076758, "_runtime": 23.879185914993286, "_step": 10239, "_wandb": {"runtime": 24}}