{"Cumulative Reward": 203013, "_timestamp": 1694664404.098305, "Total Training Time": 1.4671759605407715, "_runtime": 3.3148720264434814, "_step": 999, "_wandb": {"runtime": 3}}