{"cumulative_reward": 6250.0, "_timestamp": 1688947083.7754219, "_runtime": 7.967329740524292, "_step": 19999, "_wandb": {"runtime": 8}}