{"Total Inference Time": 0.013663530349731445, "_timestamp": 1692128494.500384, "_runtime": 1.290351152420044, "_step": 6, "_wandb": {"runtime": 0}}