{"Cumulative Reward": 206013, "_timestamp": 1694668041.037452, "Total Training Time": 0.852679967880249, "_runtime": 2.6979100704193115, "_step": 999, "_wandb": {"runtime": 1}}