{"Cumulative Reward": 104800, "_timestamp": 1692748652.511353, "Total Training Time": 1.0394752025604248, "_runtime": 1.9348790645599365, "_step": 999, "_wandb": {"runtime": 1}}