{"Cumulative Reward": 101000, "_timestamp": 1694650680.047505, "Total Training Time": 0.4126162528991699, "_runtime": 1.8538877964019775, "_step": 999, "_wandb": {"runtime": 4}}