{"Cumulative Reward": 105200, "_timestamp": 1693239356.55457, "Total Training Time": 3.393301486968994, "_runtime": 5.08270788192749, "_step": 999, "_wandb": {"runtime": 4}}