{"Cumulative Reward": 14639, "_timestamp": 1694811743.704438, "Total Training Time": 1.4170379638671875, "_runtime": 3.3113620281219482, "_step": 999, "_wandb": {"runtime": 2}}