{"Cumulative Reward": 105100, "_timestamp": 1693244366.60801, "Total Training Time": 1.8378956317901611, "_runtime": 3.1511991024017334, "_step": 999, "_wandb": {"runtime": 3}}