{"Cumulative Reward": 98645, "_timestamp": 1692145825.746763, "Total Training Time": 1.1698391437530518, "_runtime": 2.8157949447631836, "_step": 999, "_wandb": {"runtime": 1}}