{"Cumulative Reward": 201392, "_timestamp": 1691797477.2763112, "Total Training Time": 1.8721492290496826, "_runtime": 2.843982219696045, "_step": 999, "_wandb": {"runtime": 2}}