{"Cumulative Reward": 100001, "_timestamp": 1694664021.813626, "Total Training Time": 1.0890400409698486, "_runtime": 3.241323947906494, "_step": 999, "_wandb": {"runtime": 16}}