{"Total Inference Time": 0.19796085357666016, "_timestamp": 1694666324.1188228, "_runtime": 2.5830307006835938, "_step": 4, "_wandb": {"runtime": 1}}