{"Cumulative Reward": 1016974, "_timestamp": 1692212112.554534, "Total Training Time": 9.119061708450317, "_runtime": 14.24406385421753, "_step": 9999, "_wandb": {"runtime": 13}}