{"Cumulative Reward": 104200, "_timestamp": 1692746455.022656, "Total Training Time": 0.9730796813964844, "_runtime": 1.8100368976593018, "_step": 999, "_wandb": {"runtime": 1}}