{"Cumulative Reward": 104800, "_timestamp": 1693237866.738781, "Total Training Time": 1.0135886669158936, "_runtime": 1.8931879997253418, "_step": 999, "_wandb": {"runtime": 1}}