{"Cumulative Reward": 204096, "_timestamp": 1694825911.97622, "Total Training Time": 0.7883384227752686, "_runtime": 2.6521599292755127, "_step": 999, "_wandb": {"runtime": 1}}