{"Cumulative Reward": 203010, "_timestamp": 1694826802.8154209, "Total Training Time": 0.5523667335510254, "_runtime": 2.4675967693328857, "_step": 999, "_wandb": {"runtime": 1}}