{"Cumulative Reward": 1069587, "_timestamp": 1691110911.971785, "_runtime": 14.066667079925537, "_step": 9999, "_wandb": {"runtime": 13}}