{"Cumulative Reward": 210984, "_timestamp": 1694826702.0574589, "Total Training Time": 1.3729727268218994, "_runtime": 3.3182079792022705, "_step": 999, "_wandb": {"runtime": 1}}