{"Cumulative Reward": 241241, "_timestamp": 1691107722.170159, "_runtime": 71.50630116462708, "_step": 1482}