{"Cumulative Reward": 206, "_timestamp": 1692899745.2271948, "Total Training Time": 0.05599784851074219, "_runtime": 0.4346036911010742, "_step": 3, "_wandb": {"runtime": 0}}