{"Cumulative Reward": 105000, "_timestamp": 1692211177.086335, "Total Training Time": 1.6225414276123047, "_runtime": 2.9640209674835205, "_step": 999, "_wandb": {"runtime": 2}}