{"Cumulative Reward": 103300, "_timestamp": 1692919887.918887, "Total Training Time": 1.2425103187561035, "_runtime": 2.1213929653167725, "_step": 999, "_wandb": {"runtime": 1}}