{"Cumulative Reward": 97483, "_timestamp": 1692899768.5861492, "Total Training Time": 1.0878651142120361, "_runtime": 2.727189302444458, "_step": 999, "_wandb": {"runtime": 1}}