{"Cumulative Reward": 213856, "_timestamp": 1694826372.4420888, "Total Training Time": 1.506561279296875, "_runtime": 3.412681818008423, "_step": 999, "_wandb": {"runtime": 2}}