{"Cumulative Reward": 206891, "_timestamp": 1694925907.5491421, "Total Training Time": 1.6238603591918945, "_runtime": 4.060434103012085, "_step": 999, "_wandb": {"runtime": 2}}