{"Cumulative Reward": 205956, "_timestamp": 1692139849.8906822, "Total Training Time": 1.3598968982696533, "_runtime": 2.342956304550171, "_step": 999, "_wandb": {"runtime": 1}}