{"Cumulative Reward": 98853, "_timestamp": 1692230400.183124, "Total Training Time": 2.132434844970703, "_runtime": 4.0999250411987305, "_step": 999, "_wandb": {"runtime": 3}}