{"Cumulative Reward": 100000, "_timestamp": 1694925744.136163, "Total Training Time": 0.4989314079284668, "_runtime": 2.6301639080047607, "_step": 999, "_wandb": {"runtime": 1}}