{"Cumulative Reward": 223404, "_timestamp": 1694664918.022932, "Total Training Time": 5.090509414672852, "_runtime": 7.349117994308472, "_step": 999, "_wandb": {"runtime": 6}}