{"Cumulative Reward": 204090, "_timestamp": 1694924925.279639, "Total Training Time": 2.39705491065979, "_runtime": 4.326219081878662, "_step": 999, "_wandb": {"runtime": 3}}