{"Total Inference Time": 0.015903711318969727, "_timestamp": 1691797343.588266, "_runtime": 1.3321809768676758, "_step": 6, "_wandb": {"runtime": 0}}