{"Cumulative Reward": 1019270, "_timestamp": 1691167069.302475, "_runtime": 13.537055015563965, "_step": 9999, "_wandb": {"runtime": 13}}