{"Cumulative Reward": 1015946, "_timestamp": 1691708982.905774, "_runtime": 13.344535112380981, "_step": 9999, "_wandb": {"runtime": 12}}