{"Cumulative Reward": 100000, "_timestamp": 1694825979.6031759, "Total Training Time": 0.2730281352996826, "_runtime": 1.9996957778930664, "_step": 999, "_wandb": {"runtime": 0}}