{"Cumulative Reward": 102000, "_timestamp": 1694926097.805443, "Total Training Time": 0.6461362838745117, "_runtime": 2.181720018386841, "_step": 999, "_wandb": {"runtime": 2}}