{"Cumulative Reward": 328, "_timestamp": 1692376286.993477, "Total Training Time": 0.02669501304626465, "_runtime": 0.4952571392059326, "_step": 3, "_wandb": {"runtime": 0}}