{"Total Inference Time": 0.03517293930053711, "_timestamp": 1694983948.690772, "_runtime": 1.7853291034698486, "_step": 1, "_wandb": {"runtime": 0}}