{"cumulative_reward": 221.0, "_timestamp": 1691703710.569941, "_runtime": 21.78097701072693, "_step": 10239, "_wandb": {"runtime": 22}}