{"Cumulative Reward": 96557, "_timestamp": 1692211997.582592, "Total Training Time": 1.2111849784851074, "_runtime": 2.8150670528411865, "_step": 999, "_wandb": {"runtime": 1}}