{"Cumulative Reward": 98657, "_timestamp": 1692918074.4770901, "Total Training Time": 1.1226420402526855, "_runtime": 2.785736083984375, "_step": 999, "_wandb": {"runtime": 1}}