{"Cumulative Reward": 98561, "_timestamp": 1692746462.204603, "Total Training Time": 1.1421103477478027, "_runtime": 2.760159969329834, "_step": 999, "_wandb": {"runtime": 1}}