{"Cumulative Reward": 102000, "_timestamp": 1694825866.352075, "Total Training Time": 0.3677797317504883, "_runtime": 1.4953641891479492, "_step": 999, "_wandb": {"runtime": 1}}