{"Total Inference Time": 0.004281282424926758, "_timestamp": 1694826101.5010529, "_runtime": 1.6815979480743408, "_step": 2, "_wandb": {"runtime": 0}}