{"Total Inference Time": 0.02123737335205078, "_timestamp": 1691797557.6226292, "_runtime": 1.3194050788879395, "_step": 6, "_wandb": {"runtime": 0}}