{"Cumulative Reward": 207907, "_timestamp": 1694666347.9926112, "Total Training Time": 10.669313907623291, "_runtime": 17.309864282608032, "_step": 999, "_wandb": {"runtime": 16}}