{"Total Inference Time": 0.020486831665039062, "_timestamp": 1694664215.6950028, "_runtime": 1.465815782546997, "_step": 5, "_wandb": {"runtime": 0}}