{"Cumulative Reward": 2072404, "_timestamp": 1692127696.051311, "Total Training Time": 18.417675256729126, "_runtime": 24.510746002197266, "_step": 9999, "_wandb": {"runtime": 24}}