{"cumulative_reward": 103797.0, "_timestamp": 1691454945.856954, "_runtime": 21.658119201660156, "_step": 9999, "_wandb": {"runtime": 21}}