{"Cumulative Reward": 110000, "_timestamp": 1694826143.353441, "Total Training Time": 1.0072767734527588, "_runtime": 2.901681900024414, "_step": 999, "_wandb": {"runtime": 1}}