{"Cumulative Reward": 99253, "_timestamp": 1692375221.6920278, "Total Training Time": 2.759885311126709, "_runtime": 5.17497992515564, "_step": 999, "_wandb": {"runtime": 3}}