{"Cumulative Reward": 105300, "_timestamp": 1692896602.891215, "Total Training Time": 1.7212026119232178, "_runtime": 3.076792001724243, "_step": 999, "_wandb": {"runtime": 2}}