{"Cumulative Reward": 99785, "_timestamp": 1692376031.141975, "Total Training Time": 0.9618730545043945, "_runtime": 2.5718820095062256, "_step": 999, "_wandb": {"runtime": 1}}