{"Cumulative Reward": 104000, "_timestamp": 1694924900.422106, "Total Training Time": 1.597283124923706, "_runtime": 3.2730700969696045, "_step": 999, "_wandb": {"runtime": 2}}