{"Cumulative Reward": 101985, "_timestamp": 1694826617.6715572, "Total Training Time": 0.5524678230285645, "_runtime": 2.363260269165039, "_step": 999, "_wandb": {"runtime": 1}}