{"Total Inference Time": 0.014806747436523438, "_timestamp": 1694826929.303643, "_runtime": 1.6862170696258545, "_step": 4, "_wandb": {"runtime": 0}}