{"Cumulative Reward": 1994646, "_timestamp": 1691166098.5072598, "_runtime": 549.1232187747955, "_step": 9999, "_wandb": {"runtime": 548}}