{"Cumulative Reward": 101595, "_timestamp": 1691110486.511787, "_runtime": 2.109405040740967, "_step": 999, "_wandb": {"runtime": 1}}