{"Cumulative Reward": 213074, "_timestamp": 1694826330.798802, "Total Training Time": 1.8550608158111572, "_runtime": 3.6684248447418213, "_step": 999, "_wandb": {"runtime": 2}}