{"Total Inference Time": 0.7135241031646729, "_timestamp": 1691797528.615419, "_runtime": 2.074821949005127, "_step": 99, "_wandb": {"runtime": 0}}