{"Cumulative Reward": 101966, "_timestamp": 1694826913.565755, "Total Training Time": 0.6519198417663574, "_runtime": 2.4886817932128906, "_step": 999, "_wandb": {"runtime": 1}}