{"Cumulative Reward": 99700, "_timestamp": 1692211425.884783, "Total Training Time": 2.2532577514648438, "_runtime": 3.508863925933838, "_step": 999, "_wandb": {"runtime": 3}}