{"Cumulative Reward": 201000, "_timestamp": 1694825985.9066482, "Total Training Time": 0.33808159828186035, "_runtime": 2.237222194671631, "_step": 999, "_wandb": {"runtime": 0}}