{"Cumulative Reward": 104900, "_timestamp": 1692210906.184784, "Total Training Time": 1.823601245880127, "_runtime": 3.4310719966888428, "_step": 999, "_wandb": {"runtime": 3}}