{"Total Inference Time": 0.025197982788085938, "_timestamp": 1694826887.914633, "_runtime": 1.4206209182739258, "_step": 9, "_wandb": {"runtime": 0}}