{"Cumulative Reward": 223408, "_timestamp": 1694664940.035525, "Total Training Time": 4.990021467208862, "_runtime": 7.524623155593872, "_step": 999, "_wandb": {"runtime": 6}}