{"Cumulative Reward": 102000, "_timestamp": 1694653509.88381, "Total Training Time": 0.5955028533935547, "_runtime": 2.057961940765381, "_step": 999, "_wandb": {"runtime": 11}}