{"Cumulative Reward": 14689, "_timestamp": 1694825573.036555, "Total Training Time": 4.2232513427734375, "_runtime": 6.923314094543457, "_step": 999, "_wandb": {"runtime": 5}}