{"Cumulative Reward": 2077445, "_timestamp": 1692125646.08246, "Total Training Time": 13.603676557540894, "_runtime": 18.316028833389282, "_step": 9999, "_wandb": {"runtime": 17}}