{"Cumulative Reward": 203019, "_timestamp": 1694664480.898081, "Total Training Time": 1.104668140411377, "_runtime": 3.460015058517456, "_step": 999, "_wandb": {"runtime": 2}}