{"Cumulative Reward": 103500, "_timestamp": 1692749078.49147, "Total Training Time": 1.8169200420379639, "_runtime": 3.1446011066436768, "_step": 999, "_wandb": {"runtime": 2}}