{"Cumulative Reward": 206845, "_timestamp": 1694825087.709572, "Total Training Time": 1.58341646194458, "_runtime": 2.9106781482696533, "_step": 999, "_wandb": {"runtime": 17}}