{"Cumulative Reward": 100016, "_timestamp": 1694925304.2541142, "Total Training Time": 1.1219775676727295, "_runtime": 3.407349109649658, "_step": 999, "_wandb": {"runtime": 2}}