{"Cumulative Reward": 1016939, "_timestamp": 1691709576.6745112, "Cumulative Time": 0.0008578300476074219, "_runtime": 14.82955527305603, "_step": 9999, "_wandb": {"runtime": 14}}