{"Cumulative Reward": 2183, "_timestamp": 1693350388.241886, "Total Training Time": 6.815131425857544, "_runtime": 8.468410968780518, "_step": 999, "_wandb": {"runtime": 7}}