{"Cumulative Reward": 100072, "_timestamp": 1694664854.813078, "Total Training Time": 1.5821609497070312, "_runtime": 3.9764349460601807, "_step": 999, "_wandb": {"runtime": 2}}