{"Cumulative Reward": 79984, "_timestamp": 1690920870.7998679, "_runtime": 17.829219818115234, "_step": 9999, "_wandb": {"runtime": 17}}