{"Cumulative Reward": 57, "_timestamp": 1691108721.8429282, "_runtime": 979.2101821899414, "_step": 0}