{"Total Inference Time": 0.008090734481811523, "_timestamp": 1694668046.726675, "_runtime": 1.4044981002807617, "_step": 4, "_wandb": {"runtime": 0}}