{"Cumulative Reward": 206027, "_timestamp": 1694666856.440896, "Total Training Time": 1.036027193069458, "_runtime": 2.938415050506592, "_step": 999, "_wandb": {"runtime": 1}}