{"Cumulative Reward": 105600, "_timestamp": 1692917771.829351, "Total Training Time": 1.6370959281921387, "_runtime": 3.1453049182891846, "_step": 999, "_wandb": {"runtime": 2}}