{"Cumulative Reward": 208000, "_timestamp": 1694826247.4894872, "Total Training Time": 1.2820837497711182, "_runtime": 3.1579411029815674, "_step": 999, "_wandb": {"runtime": 1}}