{"cumulative_reward": 11238.0, "_timestamp": 1691433801.404116, "_runtime": 12.201222896575928, "_step": 9999, "_wandb": {"runtime": 16}}