{"Cumulative Reward": 202000, "_timestamp": 1694983940.6411378, "Total Training Time": 0.9196279048919678, "_runtime": 3.3475327491760254, "_step": 999, "_wandb": {"runtime": 2}}