{"Cumulative Reward": 1067200, "_timestamp": 1692212079.073418, "Total Training Time": 7.515747547149658, "_runtime": 12.132731914520264, "_step": 9999, "_wandb": {"runtime": 11}}