{"Cumulative Reward": 98112, "_timestamp": 1692748764.885184, "Total Training Time": 1.972076654434204, "_runtime": 3.911113977432251, "_step": 999, "_wandb": {"runtime": 2}}