{"cumulative_reward": 7500.0, "_timestamp": 1688968308.199179, "_runtime": 2.2423388957977295, "_step": 9999, "_wandb": {"runtime": 3}}