{"Cumulative Reward": 99359, "_timestamp": 1692211928.454747, "Total Training Time": 1.0929656028747559, "_runtime": 2.752681016921997, "_step": 999, "_wandb": {"runtime": 1}}