{"Cumulative Reward": 105200, "_timestamp": 1692918531.282754, "Total Training Time": 1.6379432678222656, "_runtime": 2.9577598571777344, "_step": 999, "_wandb": {"runtime": 2}}