{"Cumulative Reward": 439426, "_timestamp": 1690991602.8820522, "_runtime": 92.27912020683289, "_step": 1176}