{"Cumulative Reward": 1017472, "_timestamp": 1692920075.325251, "Total Training Time": 7.982747793197632, "_runtime": 12.720766067504883, "_step": 9999, "_wandb": {"runtime": 11}}