{"cumulative_reward": 1853.0, "_timestamp": 1691035354.8761542, "_runtime": 5.195633172988892, "_step": 9999, "_wandb": {"runtime": 5}}