{"Cumulative Reward": 208039, "_timestamp": 1694663604.4088562, "Total Training Time": 1.8800275325775146, "_runtime": 4.155545234680176, "_step": 999, "_wandb": {"runtime": 4}}