{"cumulative_reward": 7462.0, "_timestamp": 1688967697.5794141, "_runtime": 2.1778340339660645, "_step": 9999, "_wandb": {"runtime": 3}}