{"Cumulative Reward": 201000, "_timestamp": 1694665099.945973, "Total Training Time": 0.8407742977142334, "_runtime": 3.4816110134124756, "_step": 999, "_wandb": {"runtime": 2}}