{"Cumulative Reward": 209000, "_timestamp": 1694826937.3728588, "Total Training Time": 1.4814093112945557, "_runtime": 3.2675838470458984, "_step": 999, "_wandb": {"runtime": 2}}