{"Cumulative Reward": 0, "_timestamp": 1690994870.4349408, "_runtime": 67.36030578613281, "_step": 9999, "_wandb": {"runtime": 66}}