{"Cumulative Reward": 99166, "_timestamp": 1692919802.3922791, "Total Training Time": 1.0814008712768555, "_runtime": 2.723642110824585, "_step": 999, "_wandb": {"runtime": 1}}