{"Total Inference Time": 0.13202476501464844, "_timestamp": 1694664869.267657, "_runtime": 1.7301909923553467, "_step": 4, "_wandb": {"runtime": 0}}