{"Cumulative Reward": 202000, "_timestamp": 1694926113.7381928, "Total Training Time": 0.9040913581848145, "_runtime": 3.2761828899383545, "_step": 999, "_wandb": {"runtime": 2}}