{"Cumulative Reward": 205978, "_timestamp": 1694826830.578756, "Total Training Time": 0.7053115367889404, "_runtime": 2.613185167312622, "_step": 999, "_wandb": {"runtime": 1}}