{"cumulative_reward": 8442.0, "_timestamp": 1689790263.575528, "_runtime": 17.673609972000122, "_step": 9999, "_wandb": {"runtime": 17}}