{"Cumulative Reward": 105000, "_timestamp": 1694666263.4229949, "Total Training Time": 4.426272392272949, "_runtime": 9.276389837265015, "_step": 999, "_wandb": {"runtime": 8}}