{"Total Inference Time": 0.006815910339355469, "_timestamp": 1694826809.005353, "_runtime": 1.4146480560302734, "_step": 2, "_wandb": {"runtime": 0}}