{"Cumulative Reward": 155487, "_timestamp": 1691030924.023167, "_runtime": 226.83915495872498, "_step": 9149}