{"Cumulative Reward": 1069687, "_timestamp": 1691166651.705011, "_runtime": 13.233948945999146, "_step": 9999, "_wandb": {"runtime": 12}}