{"Cumulative Reward": 205027, "_timestamp": 1692125449.189389, "Total Training Time": 1.6016952991485596, "_runtime": 2.503117084503174, "_step": 999, "_wandb": {"runtime": 2}}