{"Cumulative Reward": 1950, "_timestamp": 1694649750.366335, "Total Training Time": 1.4441282749176025, "_runtime": 2.984372854232788, "_step": 999, "_wandb": {"runtime": 2}}