{"Cumulative Reward": 102000, "_timestamp": 1694985087.090098, "Total Training Time": 1.1227772235870361, "_runtime": 3.433863878250122, "_step": 999, "_wandb": {"runtime": 3}}