{"cumulative_reward": 8498.0, "_timestamp": 1690829225.3811016, "_runtime": 8.193127632141113, "_step": 9999, "_wandb": {"runtime": 6}}