{"Cumulative Reward": 169947, "_timestamp": 1691030992.332435, "_runtime": 21.96730899810791, "_step": 9999, "_wandb": {"runtime": 21}}