{"Cumulative Reward": 101000, "_timestamp": 1694826480.926154, "Total Training Time": 0.2156057357788086, "_runtime": 1.1087028980255127, "_step": 999, "_wandb": {"runtime": 0}}