{"Cumulative Reward": 206881, "_timestamp": 1694924786.7208042, "Total Training Time": 0.8004682064056396, "_runtime": 2.6732311248779297, "_step": 999, "_wandb": {"runtime": 1}}