{"Cumulative Reward": 205888, "_timestamp": 1694825896.599228, "Total Training Time": 0.7122752666473389, "_runtime": 2.5669569969177246, "_step": 999, "_wandb": {"runtime": 1}}