{"Cumulative Reward": 203011, "_timestamp": 1694924749.163811, "Total Training Time": 0.5887913703918457, "_runtime": 2.419847011566162, "_step": 999, "_wandb": {"runtime": 1}}