{"Cumulative Reward": 103000, "_timestamp": 1692211763.4962208, "Total Training Time": 1.0906460285186768, "_runtime": 1.9063177108764648, "_step": 999, "_wandb": {"runtime": 1}}