{"Cumulative Reward": 104800, "_timestamp": 1692748919.006401, "Total Training Time": 1.665588617324829, "_runtime": 2.943540096282959, "_step": 999, "_wandb": {"runtime": 2}}