{"Cumulative Reward": 100600, "_timestamp": 1692749509.782353, "Total Training Time": 1.1663734912872314, "_runtime": 1.9736950397491455, "_step": 999, "_wandb": {"runtime": 1}}