{"Cumulative Reward": 2079807, "_timestamp": 1691167190.8256419, "_runtime": 19.31261682510376, "_step": 9999, "_wandb": {"runtime": 18}}