{"Cumulative Reward": 5943, "_timestamp": 1694649772.59274, "Total Training Time": 1.936004400253296, "_runtime": 3.602086067199707, "_step": 999, "_wandb": {"runtime": 3}}