{"Total Inference Time": 0.016781091690063477, "_timestamp": 1694649794.6142132, "_runtime": 0.9358823299407959, "_step": 2, "_wandb": {"runtime": 0}}