{"Cumulative Reward": 98901, "_timestamp": 1693238268.948457, "Total Training Time": 3.6667301654815674, "_runtime": 5.226567983627319, "_step": 999, "_wandb": {"runtime": 4}}