{"Cumulative Reward": 2079690, "_timestamp": 1691167245.5933492, "_runtime": 16.718624114990234, "_step": 9999, "_wandb": {"runtime": 16}}