{"Cumulative Reward": 105300, "_timestamp": 1692211331.826733, "Total Training Time": 1.6105718612670898, "_runtime": 2.9794411659240723, "_step": 999, "_wandb": {"runtime": 2}}