{"Cumulative Reward": 204003, "_timestamp": 1694664794.81048, "Total Training Time": 1.782498836517334, "_runtime": 4.299535036087036, "_step": 999, "_wandb": {"runtime": 2}}