{"Cumulative Reward": 4000, "_timestamp": 1694649735.7297459, "Total Training Time": 1.9145410060882568, "_runtime": 4.078510761260986, "_step": 999, "_wandb": {"runtime": 3}}