{"Total Inference Time": 1.2489545345306396, "_timestamp": 1692128687.67726, "_runtime": 2.01796293258667, "_step": 99, "_wandb": {"runtime": 1}}