{"Cumulative Reward": 100006, "_timestamp": 1694826030.010624, "Total Training Time": 0.6690020561218262, "_runtime": 2.562988042831421, "_step": 999, "_wandb": {"runtime": 1}}