{"Cumulative Reward": 99028, "_timestamp": 1692719987.091274, "Total Training Time": 2.1057145595550537, "_runtime": 4.237514972686768, "_step": 999, "_wandb": {"runtime": 2}}