{"Total Inference Time": 0.1241152286529541, "_timestamp": 1692127140.902019, "_runtime": 0.5998740196228027, "_step": 6, "_wandb": {"runtime": 0}}