{"Cumulative Reward": 105000, "_timestamp": 1694668028.4367628, "Total Training Time": 0.6450839042663574, "_runtime": 1.7327358722686768, "_step": 999, "_wandb": {"runtime": 1}}