{"Cumulative Reward": 8980, "_timestamp": 1694825666.3135538, "Total Training Time": 1.140793800354004, "_runtime": 3.2291738986968994, "_step": 999, "_wandb": {"runtime": 1}}