{"Cumulative Reward": 204003, "_timestamp": 1694826023.942898, "Total Training Time": 0.842414140701294, "_runtime": 2.77958607673645, "_step": 999, "_wandb": {"runtime": 1}}