{"Cumulative Reward": 201000, "_timestamp": 1694825973.596371, "Total Training Time": 0.31886792182922363, "_runtime": 2.104001045227051, "_step": 999, "_wandb": {"runtime": 1}}