{"Total Inference Time": 0.008903741836547852, "_timestamp": 1694826044.647732, "_runtime": 1.2287120819091797, "_step": 3, "_wandb": {"runtime": 0}}