{"Cumulative Reward": 104400, "_timestamp": 1692746872.764014, "Total Training Time": 1.056844711303711, "_runtime": 1.8929400444030762, "_step": 999, "_wandb": {"runtime": 1}}