{"Cumulative Reward": 98944, "_timestamp": 1692658787.7587368, "Total Training Time": 1.0779263973236084, "_runtime": 2.737043857574463, "_step": 999, "_wandb": {"runtime": 1}}