{"Cumulative Reward": 3298, "_timestamp": 1691026470.1827211, "_runtime": 430.5497691631317, "_step": 1192}