{"Cumulative Reward": 106900, "_timestamp": 1692376025.101418, "Total Training Time": 0.7882921695709229, "_runtime": 1.6333680152893066, "_step": 999, "_wandb": {"runtime": 1}}