{"Cumulative Reward": 94273, "_timestamp": 1693244625.158889, "Total Training Time": 3.1589183807373047, "_runtime": 5.270403146743774, "_step": 999, "_wandb": {"runtime": 4}}