{"Cumulative Reward": 202056, "_timestamp": 1694668116.53546, "Total Training Time": 0.4911942481994629, "_runtime": 2.4716639518737793, "_step": 999, "_wandb": {"runtime": 1}}