{"Cumulative Reward": 99657, "_timestamp": 1692749171.6256719, "Total Training Time": 1.0092284679412842, "_runtime": 2.618961811065674, "_step": 999, "_wandb": {"runtime": 1}}