{"Total Inference Time": 0.013856172561645508, "_timestamp": 1694925169.211089, "_runtime": 1.5512268543243408, "_step": 0, "_wandb": {"runtime": 0}}