{"Cumulative Reward": 101961, "_timestamp": 1694826118.36272, "Total Training Time": 0.840646505355835, "_runtime": 2.7646830081939697, "_step": 999, "_wandb": {"runtime": 1}}