{"Cumulative Reward": 202010, "_timestamp": 1694826987.4291048, "Total Training Time": 0.4312925338745117, "_runtime": 1.9631397724151611, "_step": 999, "_wandb": {"runtime": 1}}