{"Total Inference Time": 0.0052912235260009766, "_timestamp": 1694825966.811309, "_runtime": 1.3977150917053223, "_step": 2, "_wandb": {"runtime": 0}}