{"Cumulative Reward": 100990, "_timestamp": 1694826517.162933, "Total Training Time": 0.5950300693511963, "_runtime": 2.462618112564087, "_step": 999, "_wandb": {"runtime": 1}}