{"Cumulative Reward": 107417, "_timestamp": 1694664929.883842, "Total Training Time": 4.120745420455933, "_runtime": 8.199259042739868, "_step": 999, "_wandb": {"runtime": 5}}