{"Cumulative Reward": 100070, "_timestamp": 1694666293.3714628, "Total Training Time": 12.396702289581299, "_runtime": 21.778586864471436, "_step": 999, "_wandb": {"runtime": 19}}