{"Total Inference Time": 0.0031349658966064453, "_timestamp": 1694826503.677193, "_runtime": 1.4109139442443848, "_step": 0, "_wandb": {"runtime": 0}}