{"Total Inference Time": 0.01680779457092285, "_timestamp": 1694826706.728147, "_runtime": 1.4089350700378418, "_step": 8, "_wandb": {"runtime": 0}}