{"Cumulative Reward": 202006, "_timestamp": 1694826726.110917, "Total Training Time": 0.44428396224975586, "_runtime": 2.3624651432037354, "_step": 999, "_wandb": {"runtime": 1}}