{"cumulative_reward": 11558.0, "_timestamp": 1691176421.2047591, "_runtime": 14.829153060913086, "_step": 9999, "_wandb": {"runtime": 87}}