{"Cumulative Reward": 7800, "_timestamp": 1692376151.883394, "Total Training Time": 0.2961592674255371, "_runtime": 0.8163220882415771, "_step": 99, "_wandb": {"runtime": 0}}