{"Cumulative Reward": 956792, "_timestamp": 1691710854.616891, "Cumulative Time": 19.673936367034912, "_runtime": 31.791942834854126, "_step": 9406}