{"Cumulative Reward": 98171, "_timestamp": 1693244375.535587, "Total Training Time": 2.5194385051727295, "_runtime": 4.553016185760498, "_step": 999, "_wandb": {"runtime": 3}}