{"Cumulative Reward": 100045, "_timestamp": 1694825874.5444942, "Total Training Time": 0.39455223083496094, "_runtime": 2.2648801803588867, "_step": 999, "_wandb": {"runtime": 0}}