{"Cumulative Reward": 208030, "_timestamp": 1694826638.092642, "Total Training Time": 1.0996220111846924, "_runtime": 2.919438123703003, "_step": 999, "_wandb": {"runtime": 1}}