{"Cumulative Reward": 206034, "_timestamp": 1694666841.8181398, "Total Training Time": 5.042719602584839, "_runtime": 9.70715880393982, "_step": 999, "_wandb": {"runtime": 7}}