{"Cumulative Reward": 204054, "_timestamp": 1692140695.257804, "Total Training Time": 1.4973740577697754, "_runtime": 2.432626962661743, "_step": 999, "_wandb": {"runtime": 2}}