{"Cumulative Reward": 207008, "_timestamp": 1694826857.414054, "Total Training Time": 1.054626226425171, "_runtime": 2.9699738025665283, "_step": 999, "_wandb": {"runtime": 1}}