{"Cumulative Reward": 25218, "_timestamp": 1694811758.758263, "Total Training Time": 2.287595272064209, "_runtime": 4.155794143676758, "_step": 999, "_wandb": {"runtime": 2}}