{"Cumulative Reward": 99135, "_timestamp": 1692211340.349462, "Total Training Time": 1.9990780353546143, "_runtime": 4.056688070297241, "_step": 999, "_wandb": {"runtime": 2}}