{"Cumulative Reward": 103000, "_timestamp": 1694668079.1840682, "Total Training Time": 0.4567379951477051, "_runtime": 2.343167304992676, "_step": 999, "_wandb": {"runtime": 1}}