{"Cumulative Reward": 102771, "_timestamp": 1694663594.64573, "Total Training Time": 1.5146222114562988, "_runtime": 3.5804851055145264, "_step": 999, "_wandb": {"runtime": 4}}