{"Cumulative Reward": 209004, "_timestamp": 1694826663.895444, "Total Training Time": 1.2450523376464844, "_runtime": 3.1347079277038574, "_step": 999, "_wandb": {"runtime": 1}}