{"Cumulative Reward": 98840, "_timestamp": 1693248014.750216, "Total Training Time": 1.2445197105407715, "_runtime": 2.9465811252593994, "_step": 999, "_wandb": {"runtime": 1}}