{"Cumulative Reward": 100014, "_timestamp": 1694826391.319533, "Total Training Time": 0.8027045726776123, "_runtime": 2.684889078140259, "_step": 999, "_wandb": {"runtime": 1}}