{"Cumulative Reward": 102830, "_timestamp": 1694826203.869235, "Total Training Time": 1.0012145042419434, "_runtime": 2.8927769660949707, "_step": 999, "_wandb": {"runtime": 1}}