{"Cumulative Reward": 213760, "_timestamp": 1694826156.510418, "Total Training Time": 1.427238941192627, "_runtime": 3.3320529460906982, "_step": 999, "_wandb": {"runtime": 1}}