{"Total Inference Time": 0.0577244758605957, "_timestamp": 1691797620.879959, "_runtime": 1.4522051811218262, "_step": 6, "_wandb": {"runtime": 0}}