{"Cumulative Reward": 203012, "_timestamp": 1694650770.864208, "Total Training Time": 0.954829216003418, "_runtime": 3.1644439697265625, "_step": 999, "_wandb": {"runtime": 3}}