{"Cumulative Reward": 100049, "_timestamp": 1694664820.850899, "Total Training Time": 1.6909852027893066, "_runtime": 4.193562984466553, "_step": 999, "_wandb": {"runtime": 2}}