{"Cumulative Reward": 1019592, "_timestamp": 1691454755.17387, "_runtime": 12.894196033477783, "_step": 9999, "_wandb": {"runtime": 12}}