{"Cumulative Reward": 204983, "_timestamp": 1694664577.6625652, "Total Training Time": 0.8222875595092773, "_runtime": 2.7988221645355225, "_step": 999, "_wandb": {"runtime": 3}}