{"Cumulative Reward": 203011, "_timestamp": 1694925313.815818, "Total Training Time": 1.0864121913909912, "_runtime": 3.4353561401367188, "_step": 999, "_wandb": {"runtime": 2}}