{"Cumulative Reward": 99245, "_timestamp": 1692399486.247325, "Total Training Time": 1.054866075515747, "_runtime": 2.6778340339660645, "_step": 999, "_wandb": {"runtime": 1}}