{"Total Inference Time": 0.07773685455322266, "_timestamp": 1694666400.764401, "_runtime": 2.2918338775634766, "_step": 5, "_wandb": {"runtime": 0}}