{"Cumulative Reward": 79983, "_timestamp": 1690827555.1750212, "_runtime": 14.957934141159058, "_step": 9999, "_wandb": {"runtime": 14}}