{"Total Inference Time": 0.006051778793334961, "_timestamp": 1694826553.017571, "_runtime": 1.4124689102172852, "_step": 2, "_wandb": {"runtime": 0}}