{"Cumulative Reward": 2072542, "_timestamp": 1692128477.2743921, "Total Training Time": 18.956478595733643, "_runtime": 25.242359161376953, "_step": 9999, "_wandb": {"runtime": 24}}