{"cumulative_reward": 8358.0, "_timestamp": 1690920963.8610811, "_runtime": 15.80931305885315, "_step": 9999, "_wandb": {"runtime": 14}}