{"Cumulative Reward": 203010, "_timestamp": 1694825936.805534, "Total Training Time": 0.5814549922943115, "_runtime": 2.5765159130096436, "_step": 999, "_wandb": {"runtime": 1}}