{"Cumulative Reward": 100000, "_timestamp": 1694925155.411874, "Total Training Time": 0.48803043365478516, "_runtime": 2.62294602394104, "_step": 999, "_wandb": {"runtime": 2}}