{"Cumulative Reward": 103700, "_timestamp": 1693248008.638031, "Total Training Time": 2.639894485473633, "_runtime": 4.462362051010132, "_step": 999, "_wandb": {"runtime": 3}}