{"Cumulative Reward": 1537, "_timestamp": 1694649192.003293, "Total Training Time": 2.335150957107544, "_runtime": 4.066017150878906, "_step": 174}