{"Total Inference Time": 0.019336938858032227, "_timestamp": 1694826214.893835, "_runtime": 1.4151201248168945, "_step": 8, "_wandb": {"runtime": 0}}