{"cumulative_reward": 8.0, "_timestamp": 1691956544.799986, "_runtime": 4.928073883056641, "_step": 2047, "_wandb": {"runtime": 5}}