{"Cumulative Reward": 105700, "_timestamp": 1693239263.384274, "Total Training Time": 2.7484302520751953, "_runtime": 4.303396940231323, "_step": 999, "_wandb": {"runtime": 3}}