{"Cumulative Reward": 2089005, "_timestamp": 1691111559.488849, "_runtime": 16.216578006744385, "_step": 9999, "_wandb": {"runtime": 15}}