{"Cumulative Reward": 100022, "_timestamp": 1694826310.2322729, "Total Training Time": 0.8023550510406494, "_runtime": 2.7579658031463623, "_step": 999, "_wandb": {"runtime": 1}}