{"Total Inference Time": 0.06714749336242676, "_timestamp": 1694925320.184726, "_runtime": 1.5834159851074219, "_step": 2, "_wandb": {"runtime": 0}}