{"Cumulative Reward": 109896, "_timestamp": 1694826870.3585038, "Total Training Time": 1.1551241874694824, "_runtime": 3.4129528999328613, "_step": 999, "_wandb": {"runtime": 1}}