{"Cumulative Reward": 206012, "_timestamp": 1694826397.921702, "Total Training Time": 1.0304806232452393, "_runtime": 2.922672986984253, "_step": 999, "_wandb": {"runtime": 1}}