{"Cumulative Reward": 99336, "_timestamp": 1692917780.2491431, "Total Training Time": 2.0642287731170654, "_runtime": 4.084459066390991, "_step": 999, "_wandb": {"runtime": 2}}