{"Cumulative Reward": 98662, "_timestamp": 1693239817.8655438, "Total Training Time": 2.2228589057922363, "_runtime": 4.382285833358765, "_step": 999, "_wandb": {"runtime": 3}}