{"Cumulative Reward": 98545, "_timestamp": 1691797394.7294679, "Total Training Time": 1.4725360870361328, "_runtime": 3.2358429431915283, "_step": 999, "_wandb": {"runtime": 1}}