{"Cumulative Reward": 6000, "_timestamp": 1694650173.70669, "Total Training Time": 1.2433409690856934, "_runtime": 2.905325174331665, "_step": 999, "_wandb": {"runtime": 4}}