{"Cumulative Reward": 2838, "_timestamp": 1694650183.983236, "Total Training Time": 1.1301724910736084, "_runtime": 3.2263600826263428, "_step": 999, "_wandb": {"runtime": 5}}