{"Cumulative Reward": 101028, "_timestamp": 1694668034.882192, "Total Training Time": 0.7363543510437012, "_runtime": 2.6370348930358887, "_step": 999, "_wandb": {"runtime": 1}}