{"Cumulative Reward": 100992, "_timestamp": 1694826993.3422642, "Total Training Time": 0.3360176086425781, "_runtime": 2.0700480937957764, "_step": 999, "_wandb": {"runtime": 0}}