{"Cumulative Reward": 204530, "_timestamp": 1694824944.336829, "Total Training Time": 1.5814027786254883, "_runtime": 3.070164918899536, "_step": 999, "_wandb": {"runtime": 20}}