{"Cumulative Reward": 203008, "_timestamp": 1694664744.8364842, "Total Training Time": 2.498610734939575, "_runtime": 5.663387298583984, "_step": 999, "_wandb": {"runtime": 4}}