{"Cumulative Reward": 6927, "_timestamp": 1692376156.882972, "Total Training Time": 0.4030120372772217, "_runtime": 1.705024003982544, "_step": 99, "_wandb": {"runtime": 0}}