{"Cumulative Reward": 11576, "_timestamp": 1694811582.662913, "Total Training Time": 1.5660784244537354, "_runtime": 3.9081971645355225, "_step": 999, "_wandb": {"runtime": 2}}