{"Cumulative Reward": 529673, "_timestamp": 1691797615.201524, "Total Training Time": 47.792349100112915, "_runtime": 52.93095803260803, "_step": 9999, "_wandb": {"runtime": 51}}