{"Cumulative Reward": 104600, "_timestamp": 1692229520.269483, "Total Training Time": 1.9594323635101318, "_runtime": 3.359706163406372, "_step": 999, "_wandb": {"runtime": 3}}