{"Cumulative Reward": 202000, "_timestamp": 1694985106.336333, "Total Training Time": 1.1680240631103516, "_runtime": 3.8260791301727295, "_step": 999, "_wandb": {"runtime": 2}}