{"Cumulative Reward": 204006, "_timestamp": 1694826038.260361, "Total Training Time": 0.8301808834075928, "_runtime": 2.724622964859009, "_step": 999, "_wandb": {"runtime": 1}}