{"Total Inference Time": 0.0039539337158203125, "_timestamp": 1694825991.296166, "_runtime": 1.4115269184112549, "_step": 0, "_wandb": {"runtime": 0}}