{"Cumulative Reward": 100986, "_timestamp": 1694826719.8645608, "Total Training Time": 0.3363471031188965, "_runtime": 2.4499337673187256, "_step": 999, "_wandb": {"runtime": 0}}