{"Cumulative Reward": 870, "_timestamp": 1692376183.931067, "Total Training Time": 0.0448756217956543, "_runtime": 0.5351240634918213, "_step": 9, "_wandb": {"runtime": 0}}