{"Cumulative Reward": 105100, "_timestamp": 1692814348.5582342, "Total Training Time": 1.1076195240020752, "_runtime": 2.1326723098754883, "_step": 999, "_wandb": {"runtime": 1}}