{"Cumulative Reward": 203852, "_timestamp": 1691711528.2270432, "Total Time": 1.6145117282867432, "_runtime": 2.44545316696167, "_step": 999, "_wandb": {"runtime": 2}}