{"Cumulative Reward": 199808, "_timestamp": 1691797210.361419, "Total Training Time": 1.9665803909301758, "_runtime": 3.773995876312256, "_step": 999, "_wandb": {"runtime": 2}}