{"Cumulative Reward": 105300, "_timestamp": 1693237765.8607712, "Total Training Time": 1.023881196975708, "_runtime": 1.979680061340332, "_step": 999, "_wandb": {"runtime": 1}}