{"Cumulative Reward": 104891, "_timestamp": 1692899872.21545, "Total Training Time": 0.7478435039520264, "_runtime": 1.5962281227111816, "_step": 999, "_wandb": {"runtime": 1}}