{"Cumulative Reward": 99956, "_timestamp": 1691711211.095476, "Total Time": 1.268326997756958, "_runtime": 2.056487798690796, "_step": 999, "_wandb": {"runtime": 1}}