{"Cumulative Reward": 100036, "_timestamp": 1694664411.526536, "Total Training Time": 0.8862473964691162, "_runtime": 3.1269259452819824, "_step": 999, "_wandb": {"runtime": 2}}