{"Cumulative Reward": 79987, "_timestamp": 1690920573.759157, "_runtime": 13.243757963180542, "_step": 9999, "_wandb": {"runtime": 12}}