{"Cumulative Reward": 101014, "_timestamp": 1694664198.2087831, "Total Training Time": 1.4934334754943848, "_runtime": 3.7379891872406006, "_step": 999, "_wandb": {"runtime": 4}}