{"Cumulative Reward": 99151, "_timestamp": 1693240442.539998, "Total Training Time": 1.20982027053833, "_runtime": 3.0655839443206787, "_step": 999, "_wandb": {"runtime": 1}}