{"Total Inference Time": 0.01705765724182129, "_timestamp": 1694664376.821484, "_runtime": 1.442094087600708, "_step": 4, "_wandb": {"runtime": 0}}