{"Cumulative Reward": 101977, "_timestamp": 1694826824.217862, "Total Training Time": 0.5776028633117676, "_runtime": 2.413111925125122, "_step": 999, "_wandb": {"runtime": 1}}