{"Cumulative Reward": 203033, "_timestamp": 1694665018.54168, "Total Training Time": 1.567793846130371, "_runtime": 3.2856791019439697, "_step": 999, "_wandb": {"runtime": 2}}