{"Cumulative Reward": 206010, "_timestamp": 1694826304.1609988, "Total Training Time": 1.1151204109191895, "_runtime": 2.886286735534668, "_step": 999, "_wandb": {"runtime": 1}}