{"Cumulative Reward": 100043, "_timestamp": 1692919717.530976, "Total Training Time": 1.0225636959075928, "_runtime": 2.648282051086426, "_step": 999, "_wandb": {"runtime": 1}}