{"Cumulative Reward": 204987, "_timestamp": 1694664562.020909, "Total Training Time": 1.4922401905059814, "_runtime": 3.873444080352783, "_step": 999, "_wandb": {"runtime": 4}}