{"Cumulative Reward": 100040, "_timestamp": 1693240214.9672241, "Total Training Time": 1.780945062637329, "_runtime": 3.821822166442871, "_step": 999, "_wandb": {"runtime": 2}}