{"Cumulative Reward": 100040, "_timestamp": 1694924742.915384, "Total Training Time": 0.515366792678833, "_runtime": 2.257960081100464, "_step": 999, "_wandb": {"runtime": 1}}