{"Cumulative Reward": 403, "_timestamp": 1692376291.467084, "Total Training Time": 0.01590585708618164, "_runtime": 1.3361148834228516, "_step": 3, "_wandb": {"runtime": 0}}