{"Cumulative Reward": 210041, "_timestamp": 1694826689.156825, "Total Training Time": 1.2328965663909912, "_runtime": 3.0810489654541016, "_step": 999, "_wandb": {"runtime": 1}}