{"Cumulative Reward": 100040, "_timestamp": 1694825930.4771478, "Total Training Time": 0.5304982662200928, "_runtime": 2.3215038776397705, "_step": 999, "_wandb": {"runtime": 1}}