{"Cumulative Reward": 96800, "_timestamp": 1692658781.846833, "Total Training Time": 1.3984038829803467, "_runtime": 2.6027050018310547, "_step": 999, "_wandb": {"runtime": 1}}