{"Cumulative Reward": 2076404, "_timestamp": 1692127117.1465511, "Total Training Time": 379.50988030433655, "_runtime": 388.03699922561646, "_step": 9999, "_wandb": {"runtime": 387}}