{"Total Inference Time": 0.019659996032714844, "_timestamp": 1692128709.1768441, "_runtime": 1.3869330883026123, "_step": 6, "_wandb": {"runtime": 0}}