{"Cumulative Reward": 203002, "_timestamp": 1694826790.541622, "Total Training Time": 0.5567207336425781, "_runtime": 2.396430015563965, "_step": 999, "_wandb": {"runtime": 1}}