{"Cumulative Reward": 102200, "_timestamp": 1692144734.6078799, "Total Training Time": 1.9537827968597412, "_runtime": 4.058236837387085, "_step": 999, "_wandb": {"runtime": 2}}