{"Cumulative Reward": 203949, "_timestamp": 1694826081.1769652, "Total Training Time": 0.7070503234863281, "_runtime": 2.4707391262054443, "_step": 999, "_wandb": {"runtime": 1}}