{"Cumulative Reward": 102862, "_timestamp": 1694826059.873228, "Total Training Time": 1.0666985511779785, "_runtime": 3.0123519897460938, "_step": 999, "_wandb": {"runtime": 1}}