{"Cumulative Reward": 1016685, "_timestamp": 1691702566.449547, "_runtime": 12.8804349899292, "_step": 9999, "_wandb": {"runtime": 12}}