{"Total Inference Time": 0.009660720825195312, "_timestamp": 1694664427.544252, "_runtime": 1.5699830055236816, "_step": 2, "_wandb": {"runtime": 0}}