{"Cumulative Reward": 99547, "_timestamp": 1692229893.024983, "Total Training Time": 2.0577964782714844, "_runtime": 3.981765031814575, "_step": 999, "_wandb": {"runtime": 3}}