{"cumulative_reward": 7.0, "_timestamp": 1691621507.1132941, "_runtime": 5.04911208152771, "_step": 9999, "_wandb": {"runtime": 6}}