{"Total Inference Time": 0.0073070526123046875, "_timestamp": 1694826579.830538, "_runtime": 1.4020969867706299, "_step": 3, "_wandb": {"runtime": 0}}