{"Cumulative Reward": 208003, "_timestamp": 1694664899.5563872, "Total Training Time": 3.034400463104248, "_runtime": 5.576664209365845, "_step": 999, "_wandb": {"runtime": 4}}