{"Total Inference Time": 90.54390835762024, "_timestamp": 1694650411.746721, "_runtime": 123.78476214408875, "_step": 3}