{"Total Inference Time": 71.13702416419983, "_timestamp": 1694984527.969589, "_runtime": 95.26532292366028, "_step": 1, "_wandb": {"runtime": 121}}