{"Total Inference Time": 0.006440401077270508, "_timestamp": 1694668096.863777, "_runtime": 1.4242680072784424, "_step": 2, "_wandb": {"runtime": 0}}