{"Cumulative Reward": 105800, "_timestamp": 1693240172.1079931, "Total Training Time": 0.918799638748169, "_runtime": 1.8596432209014893, "_step": 999, "_wandb": {"runtime": 1}}