{"Cumulative Reward": 210943, "_timestamp": 1694826068.5091798, "Total Training Time": 1.3327805995941162, "_runtime": 3.235219717025757, "_step": 999, "_wandb": {"runtime": 1}}