{"Cumulative Reward": 103000, "_timestamp": 1694650753.77843, "Total Training Time": 0.963829755783081, "_runtime": 2.9918999671936035, "_step": 999, "_wandb": {"runtime": 4}}