{"Total Inference Time": 0.010229349136352539, "_timestamp": 1694650777.440198, "_runtime": 1.4646949768066406, "_step": 2, "_wandb": {"runtime": 0}}