{"Total Inference Time": 0.021310806274414062, "_timestamp": 1692128481.54936, "_runtime": 1.255303144454956, "_step": 6, "_wandb": {"runtime": 0}}