{"Cumulative Reward": 207600, "_timestamp": 1692025328.553122, "Total Training Time": 1.2900776863098145, "_runtime": 3.187756061553955, "_step": 999, "_wandb": {"runtime": 1}}