{"Cumulative Reward": 101031, "_timestamp": 1694925898.720959, "Total Training Time": 1.2216475009918213, "_runtime": 3.672724962234497, "_step": 999, "_wandb": {"runtime": 2}}