{"Cumulative Reward": 201000, "_timestamp": 1694826586.62724, "Total Training Time": 0.2887744903564453, "_runtime": 2.0161750316619873, "_step": 999, "_wandb": {"runtime": 0}}