{"Cumulative Reward": 204011, "_timestamp": 1694666466.02621, "Total Training Time": 6.552802324295044, "_runtime": 13.129058122634888, "_step": 999, "_wandb": {"runtime": 10}}