{"Cumulative Reward": 103000, "_timestamp": 1694826738.782067, "Total Training Time": 0.47089648246765137, "_runtime": 2.285454034805298, "_step": 999, "_wandb": {"runtime": 1}}