{"Cumulative Reward": 203015, "_timestamp": 1694825949.478015, "Total Training Time": 0.6579222679138184, "_runtime": 2.5704400539398193, "_step": 999, "_wandb": {"runtime": 1}}