{"Cumulative Reward": 1067600, "_timestamp": 1691702480.015357, "_runtime": 12.66259503364563, "_step": 9999, "_wandb": {"runtime": 12}}