{"Cumulative Reward": 204002, "_timestamp": 1692139743.7468789, "Total Training Time": 1.2868633270263672, "_runtime": 2.3472578525543213, "_step": 999, "_wandb": {"runtime": 1}}