{"Cumulative Reward": 328, "_timestamp": 1692899741.200765, "Total Training Time": 0.026397228240966797, "_runtime": 0.664071798324585, "_step": 3, "_wandb": {"runtime": 0}}