{"cumulative_reward": 8502.0, "_timestamp": 1690897554.525772, "_runtime": 13.865251064300537, "_step": 9999, "_wandb": {"runtime": 13}}