{"Cumulative Reward": 204404, "_timestamp": 1694438250.330415, "Total Training Time": 1.4326717853546143, "_runtime": 2.5553810596466064, "_step": 999, "_wandb": {"runtime": 2}}