{"Cumulative Reward": 104000, "_timestamp": 1694666415.388507, "Total Training Time": 3.339664936065674, "_runtime": 7.571961879730225, "_step": 999, "_wandb": {"runtime": 7}}