{"Cumulative Reward": 203906, "_timestamp": 1694826094.138143, "Total Training Time": 0.64512038230896, "_runtime": 2.561563014984131, "_step": 999, "_wandb": {"runtime": 1}}