{"Cumulative Reward": 99731, "_timestamp": 1692919593.1078131, "Total Training Time": 1.388429880142212, "_runtime": 3.227811098098755, "_step": 999, "_wandb": {"runtime": 1}}