{"cumulative_reward": 123484.0, "_timestamp": 1691622537.333369, "_runtime": 22.506793975830078, "_step": 9999, "_wandb": {"runtime": 22}}