{"cumulative_reward": 1680.0, "_timestamp": 1688967540.346499, "_runtime": 2.123328924179077, "_step": 9999, "_wandb": {"runtime": 3}}