{"Cumulative Reward": 100700, "_timestamp": 1691797338.9153678, "Total Training Time": 1.8341424465179443, "_runtime": 3.6719918251037598, "_step": 999, "_wandb": {"runtime": 2}}