{"Cumulative Reward": 101985, "_timestamp": 1694826568.456192, "Total Training Time": 0.5501229763031006, "_runtime": 2.3955860137939453, "_step": 999, "_wandb": {"runtime": 1}}