{"Cumulative Reward": 104000, "_timestamp": 1694652216.810861, "Total Training Time": 1.167987585067749, "_runtime": 2.8863120079040527, "_step": 999, "_wandb": {"runtime": 31}}