{"Cumulative Reward": 104700, "_timestamp": 1692919795.262104, "Total Training Time": 0.9454424381256104, "_runtime": 1.8024890422821045, "_step": 999, "_wandb": {"runtime": 1}}