{"Cumulative Reward": 100014, "_timestamp": 1694650762.509585, "Total Training Time": 0.8299849033355713, "_runtime": 2.9013237953186035, "_step": 999, "_wandb": {"runtime": 3}}