{"Cumulative Reward": 205970, "_timestamp": 1694826574.737065, "Total Training Time": 0.6639499664306641, "_runtime": 2.520888090133667, "_step": 999, "_wandb": {"runtime": 1}}