{"Cumulative Reward": 203979, "_timestamp": 1694826511.033878, "Total Training Time": 0.5655250549316406, "_runtime": 2.593248128890991, "_step": 999, "_wandb": {"runtime": 1}}