{"Cumulative Reward": 105509, "_timestamp": 1694826284.390626, "Total Training Time": 1.4127473831176758, "_runtime": 3.309643030166626, "_step": 999, "_wandb": {"runtime": 1}}