{"Cumulative Reward": 1091158, "_timestamp": 1691166583.263469, "_runtime": 25.030428886413574, "_step": 9999, "_wandb": {"runtime": 24}}