{"Cumulative Reward": 104000, "_timestamp": 1694653488.2785459, "Total Training Time": 5.145183801651001, "_runtime": 7.072204828262329, "_step": 999, "_wandb": {"runtime": 6}}