{"Cumulative Reward": 98758, "_timestamp": 1692746878.871285, "Total Training Time": 1.0957179069519043, "_runtime": 2.5353379249572754, "_step": 999, "_wandb": {"runtime": 1}}