{"Cumulative Reward": 200998, "_timestamp": 1694439896.098986, "Total Training Time": 1.4596052169799805, "_runtime": 2.660334825515747, "_step": 999, "_wandb": {"runtime": 2}}