{"Total Inference Time": 0.021697282791137695, "_timestamp": 1694826161.1359842, "_runtime": 1.4845430850982666, "_step": 9, "_wandb": {"runtime": 0}}