{"Total Inference Time": 0.01446533203125, "_timestamp": 1692128415.861973, "_runtime": 0.42317914962768555, "_step": 6, "_wandb": {"runtime": 0}}