{"Cumulative Reward": 98840, "_timestamp": 1692748828.920052, "Total Training Time": 1.987290382385254, "_runtime": 3.8730781078338623, "_step": 999, "_wandb": {"runtime": 2}}