{"Cumulative Reward": 99255, "_timestamp": 1692899878.5082219, "Total Training Time": 0.9148058891296387, "_runtime": 2.550574779510498, "_step": 999, "_wandb": {"runtime": 1}}