{"Cumulative Reward": 203010, "_timestamp": 1694668091.787446, "Total Training Time": 0.6256697177886963, "_runtime": 2.6701669692993164, "_step": 999, "_wandb": {"runtime": 1}}