{"Cumulative Reward": 204457, "_timestamp": 1693349798.481722, "Total Training Time": 1.5409939289093018, "_runtime": 2.3954901695251465, "_step": 999, "_wandb": {"runtime": 2}}