{"cumulative_reward": 122626.0, "_timestamp": 1691454832.281152, "_runtime": 22.19864296913147, "_step": 9999, "_wandb": {"runtime": 21}}