{"Cumulative Reward": 1069897, "_timestamp": 1691167023.4754481, "_runtime": 14.643816232681274, "_step": 9999, "_wandb": {"runtime": 14}}