{"Cumulative Reward": 97465, "_timestamp": 1692211433.8611462, "Total Training Time": 2.133618116378784, "_runtime": 4.132768154144287, "_step": 999, "_wandb": {"runtime": 2}}