{"Cumulative Reward": 104600, "_timestamp": 1692919585.600134, "Total Training Time": 1.0457348823547363, "_runtime": 1.8934299945831299, "_step": 999, "_wandb": {"runtime": 1}}