{"Cumulative Reward": 105493, "_timestamp": 1694649126.119297, "Total Training Time": 1.5365056991577148, "_runtime": 4.538481950759888, "_step": 998}