{"Cumulative Reward": 1679, "_timestamp": 1692125615.6564422, "Total Training Time": 0.09343647956848145, "_runtime": 0.5196082592010498, "_step": 9, "_wandb": {"runtime": 0}}