{"Cumulative Reward": 584400, "_timestamp": 1690990709.993558, "_runtime": 102.23147702217102, "_step": 1666}