{"Cumulative Reward": 205016, "_timestamp": 1694664725.5167518, "Total Training Time": 1.7707819938659668, "_runtime": 4.3380677700042725, "_step": 999, "_wandb": {"runtime": 2}}