{"Cumulative Reward": 213029, "_timestamp": 1694826344.188721, "Total Training Time": 1.7570180892944336, "_runtime": 3.60920786857605, "_step": 999, "_wandb": {"runtime": 2}}