{"Total Inference Time": 0.05287456512451172, "_timestamp": 1694826980.5037708, "_runtime": 1.4249968528747559, "_step": 10, "_wandb": {"runtime": 0}}