{"Cumulative Reward": 203013, "_timestamp": 1694665035.2469199, "Total Training Time": 1.4274063110351562, "_runtime": 3.9401957988739014, "_step": 999, "_wandb": {"runtime": 2}}