{"Cumulative Reward": 97815, "_timestamp": 1693240476.891861, "Total Training Time": 1.2682788372039795, "_runtime": 3.0241448879241943, "_step": 999, "_wandb": {"runtime": 1}}