{"Total Inference Time": 0.02371954917907715, "_timestamp": 1692034197.795836, "_runtime": 1.5019760131835938, "_step": 6, "_wandb": {"runtime": 0}}