{"Total Inference Time": 0.1523151397705078, "_timestamp": 1691956532.442602, "_runtime": 0.9075839519500732, "_step": 6, "_wandb": {"runtime": 0}}