{"Total Inference Time": 0.021504878997802734, "_timestamp": 1692025333.403879, "_runtime": 1.4593219757080078, "_step": 6, "_wandb": {"runtime": 0}}