{"Cumulative Reward": 41317, "_timestamp": 1690992925.308906, "_runtime": 293.03854513168335, "_step": 199}