{"cumulative_reward": 7036.0, "_timestamp": 1688968245.107583, "_runtime": 2.19691801071167, "_step": 9999, "_wandb": {"runtime": 3}}