{"Cumulative Reward": 207975, "_timestamp": 1694664207.851855, "Total Training Time": 1.7704520225524902, "_runtime": 4.233996152877808, "_step": 999, "_wandb": {"runtime": 5}}