{"Cumulative Reward": 103922, "_timestamp": 1694826644.90061, "Total Training Time": 0.8447577953338623, "_runtime": 2.6649410724639893, "_step": 999, "_wandb": {"runtime": 1}}