{"Cumulative Reward": 1710944, "_timestamp": 1691027995.713583, "_runtime": 326.5089271068573, "_step": 5022, "_wandb": {"runtime": 325}}