{"Total Inference Time": 0.017414331436157227, "_timestamp": 1691797399.807362, "_runtime": 1.3370130062103271, "_step": 6, "_wandb": {"runtime": 0}}