{"Cumulative Reward": 204003, "_timestamp": 1694664777.542909, "Total Training Time": 1.765063762664795, "_runtime": 4.226876974105835, "_step": 999, "_wandb": {"runtime": 2}}