{"Cumulative Reward": 100041, "_timestamp": 1694652674.155682, "Total Training Time": 1.2025294303894043, "_runtime": 3.3330721855163574, "_step": 999, "_wandb": {"runtime": 2}}