{"Total Inference Time": 0.018532276153564453, "_timestamp": 1694826783.391435, "_runtime": 1.4626529216766357, "_step": 8, "_wandb": {"runtime": 0}}