{"cumulative_reward": 10000.0, "_timestamp": 1689101436.3997471, "_runtime": 5.787875175476074, "_step": 9999, "_wandb": {"runtime": 6}}