{"Cumulative Reward": 210016, "_timestamp": 1694826676.513435, "Total Training Time": 1.1458868980407715, "_runtime": 3.0207839012145996, "_step": 999, "_wandb": {"runtime": 1}}