{"Total Inference Time": 0.010976791381835938, "_timestamp": 1694924791.7325492, "_runtime": 1.4016211032867432, "_step": 4, "_wandb": {"runtime": 0}}