{"Cumulative Reward": 1101070, "_timestamp": 1691165240.920351, "_runtime": 23.928143978118896, "_step": 9999, "_wandb": {"runtime": 23}}