{"Total Inference Time": 0.01133108139038086, "_timestamp": 1694666860.56461, "_runtime": 0.4850499629974365, "_step": 5, "_wandb": {"runtime": 0}}