{"Cumulative Reward": 201000, "_timestamp": 1694925163.2617989, "Total Training Time": 0.5644123554229736, "_runtime": 2.880140781402588, "_step": 999, "_wandb": {"runtime": 2}}