{"Cumulative Reward": 98837, "_timestamp": 1692896611.2674282, "Total Training Time": 1.9813601970672607, "_runtime": 3.9762022495269775, "_step": 999, "_wandb": {"runtime": 2}}