{"Cumulative Reward": 79984, "_timestamp": 1690994766.1880991, "_runtime": 15.159554243087769, "_step": 9999, "_wandb": {"runtime": 13}}