{"Cumulative Reward": 217638, "_timestamp": 1694826291.278528, "Total Training Time": 1.7973780632019043, "_runtime": 3.716357946395874, "_step": 999, "_wandb": {"runtime": 2}}