{"Cumulative Reward": 105100, "_timestamp": 1693240436.070654, "Total Training Time": 0.9209160804748535, "_runtime": 1.7880480289459229, "_step": 999, "_wandb": {"runtime": 1}}