{"Cumulative Reward": 205007, "_timestamp": 1694664465.585397, "Total Training Time": 1.3411357402801514, "_runtime": 3.662416934967041, "_step": 999, "_wandb": {"runtime": 2}}