{"Cumulative Reward": 104000, "_timestamp": 1694664708.29161, "Total Training Time": 1.3324148654937744, "_runtime": 3.2675979137420654, "_step": 999, "_wandb": {"runtime": 2}}