{"Cumulative Reward": 108000, "_timestamp": 1694664879.433917, "Total Training Time": 2.116302013397217, "_runtime": 4.618046045303345, "_step": 999, "_wandb": {"runtime": 3}}