{"Cumulative Reward": 99649, "_timestamp": 1692399110.331518, "Total Training Time": 1.148751974105835, "_runtime": 2.8014769554138184, "_step": 999, "_wandb": {"runtime": 1}}