{"Total Inference Time": 0.014230012893676758, "_timestamp": 1694826656.171519, "_runtime": 1.5505809783935547, "_step": 7, "_wandb": {"runtime": 0}}