{"Cumulative Reward": 1067500, "_timestamp": 1692920052.690371, "Total Training Time": 7.338699102401733, "_runtime": 11.468253135681152, "_step": 9999, "_wandb": {"runtime": 11}}