{"Total Inference Time": 0.01898479461669922, "_timestamp": 1694826862.232182, "_runtime": 1.447174072265625, "_step": 6, "_wandb": {"runtime": 0}}