{"Cumulative Reward": 201059, "_timestamp": 1691797002.846945, "Total Training Time": 1.804295539855957, "_runtime": 2.672305107116699, "_step": 999, "_wandb": {"runtime": 2}}