{"Cumulative Reward": 3768203, "_timestamp": 1691031695.2754948, "_runtime": 638.2766728401184, "_step": 9999, "_wandb": {"runtime": 637}}