{"Cumulative Reward": 103623, "_timestamp": 1694826337.617373, "Total Training Time": 1.425513505935669, "_runtime": 3.3474230766296387, "_step": 999, "_wandb": {"runtime": 1}}