{"Cumulative Reward": 98759, "_timestamp": 1693239583.899613, "Total Training Time": 2.370248794555664, "_runtime": 4.620657920837402, "_step": 999, "_wandb": {"runtime": 3}}