{"Cumulative Reward": 1069795, "_timestamp": 1691600857.512461, "_runtime": 13.900943040847778, "_step": 9999, "_wandb": {"runtime": 13}}