{"Total Inference Time": 0.03510093688964844, "_timestamp": 1694924953.42925, "_runtime": 0.6859209537506104, "_step": 3, "_wandb": {"runtime": 0}}