{"Cumulative Reward": 105400, "_timestamp": 1692814011.963142, "Total Training Time": 1.0320744514465332, "_runtime": 1.9545528888702393, "_step": 999, "_wandb": {"runtime": 1}}