{"Cumulative Reward": 79997, "_timestamp": 1690994375.934093, "_runtime": 17.634707927703857, "_step": 9999, "_wandb": {"runtime": 17}}