{"Cumulative Reward": 205377, "_timestamp": 1691797382.707634, "Total Training Time": 1.4942328929901123, "_runtime": 2.4209539890289307, "_step": 999, "_wandb": {"runtime": 2}}