{"Total Inference Time": 0.035019636154174805, "_timestamp": 1694826350.787576, "_runtime": 1.638174057006836, "_step": 12, "_wandb": {"runtime": 0}}