{"Cumulative Reward": 202000, "_timestamp": 1694984422.058795, "Total Training Time": 0.7777233123779297, "_runtime": 2.994724988937378, "_step": 999, "_wandb": {"runtime": 2}}