{"Total Inference Time": 0.013035058975219727, "_timestamp": 1694652268.890937, "_runtime": 1.6388599872589111, "_step": 3, "_wandb": {"runtime": 0}}