{"Cumulative Reward": 100000, "_timestamp": 1694665091.147466, "Total Training Time": 0.6105561256408691, "_runtime": 2.9172308444976807, "_step": 999, "_wandb": {"runtime": 2}}