{"Cumulative Reward": 100000, "_timestamp": 1694650689.309581, "Total Training Time": 0.4166696071624756, "_runtime": 2.430699110031128, "_step": 999, "_wandb": {"runtime": 4}}