{"Total Inference Time": 0.033349037170410156, "_timestamp": 1694926120.322179, "_runtime": 1.5850980281829834, "_step": 1, "_wandb": {"runtime": 0}}