{"cumulative_reward": 11240.0, "_timestamp": 1691450831.952831, "_runtime": 5.549633026123047, "_step": 9999, "_wandb": {"runtime": 6}}