{"Cumulative Reward": 99461, "_timestamp": 1692749515.840108, "Total Training Time": 0.9993119239807129, "_runtime": 2.624807834625244, "_step": 999, "_wandb": {"runtime": 1}}