{"Cumulative Reward": 206982, "_timestamp": 1694826920.129136, "Total Training Time": 0.7959630489349365, "_runtime": 2.6385350227355957, "_step": 999, "_wandb": {"runtime": 1}}