{"Cumulative Reward": 201000, "_timestamp": 1694826599.026207, "Total Training Time": 0.2909514904022217, "_runtime": 2.156324863433838, "_step": 999, "_wandb": {"runtime": 0}}