{"Total Inference Time": 0.12924790382385254, "_timestamp": 1694925914.3754601, "_runtime": 1.6290302276611328, "_step": 4, "_wandb": {"runtime": 0}}