{"Cumulative Reward": 204105, "_timestamp": 1694665067.960872, "Total Training Time": 1.7937698364257812, "_runtime": 4.289613962173462, "_step": 999, "_wandb": {"runtime": 2}}