{"Cumulative Reward": 105000, "_timestamp": 1692896434.559299, "Total Training Time": 1.7151198387145996, "_runtime": 3.121471881866455, "_step": 999, "_wandb": {"runtime": 2}}