{"Cumulative Reward": 100945, "_timestamp": 1694826087.5890791, "Total Training Time": 0.5018730163574219, "_runtime": 2.321824073791504, "_step": 999, "_wandb": {"runtime": 1}}