{"Cumulative Reward": 199258, "_timestamp": 1692141183.457545, "Total Training Time": 1.5897588729858398, "_runtime": 2.4258840084075928, "_step": 999, "_wandb": {"runtime": 2}}