{"Cumulative Reward": 105600, "_timestamp": 1692918179.2884102, "Total Training Time": 1.5847625732421875, "_runtime": 2.9886441230773926, "_step": 999, "_wandb": {"runtime": 2}}