{"Cumulative Reward": 104800, "_timestamp": 1692399104.1508281, "Total Training Time": 0.9913120269775391, "_runtime": 1.8893282413482666, "_step": 999, "_wandb": {"runtime": 1}}