{"Cumulative Reward": 79984, "_timestamp": 1690994229.839051, "_runtime": 168.83962607383728, "_step": 9999, "_wandb": {"runtime": 238}}