{"Cumulative Reward": 200852, "_timestamp": 1692123860.255921, "Total Training Time": 1.963914155960083, "_runtime": 2.951403856277466, "_step": 999, "_wandb": {"runtime": 2}}