{"Total Inference Time": 0.014016866683959961, "_timestamp": 1694826681.29057, "_runtime": 1.4726641178131104, "_step": 7, "_wandb": {"runtime": 0}}