{"Cumulative Reward": 203778, "_timestamp": 1694824980.96959, "Total Training Time": 1.3674583435058594, "_runtime": 2.378257989883423, "_step": 999, "_wandb": {"runtime": 18}}