{"Cumulative Reward": 100002, "_timestamp": 1694826254.3859258, "Total Training Time": 1.0012283325195312, "_runtime": 2.9041097164154053, "_step": 999, "_wandb": {"runtime": 1}}