{"cumulative_reward": 9824.0, "_timestamp": 1688968283.838022, "_runtime": 2.1540610790252686, "_step": 9999, "_wandb": {"runtime": 3}}