{"Cumulative Reward": 209822, "_timestamp": 1694826111.892627, "Total Training Time": 1.0557005405426025, "_runtime": 2.9358479976654053, "_step": 999, "_wandb": {"runtime": 1}}