{"Cumulative Reward": 103800, "_timestamp": 1693240207.041246, "Total Training Time": 1.9778566360473633, "_runtime": 3.4941048622131348, "_step": 999, "_wandb": {"runtime": 3}}