{"Cumulative Reward": 283811, "_timestamp": 1691097708.474442, "_runtime": 107.60109806060791, "_step": 1440}