{"Cumulative Reward": 100000, "_timestamp": 1694985096.7493298, "Total Training Time": 0.9169132709503174, "_runtime": 3.3883628845214844, "_step": 999, "_wandb": {"runtime": 3}}