{"Cumulative Reward": 98670, "_timestamp": 1692144741.8734531, "Total Training Time": 1.5095796585083008, "_runtime": 3.350374221801758, "_step": 999, "_wandb": {"runtime": 2}}