{"Cumulative Reward": 105200, "_timestamp": 1692899762.388809, "Total Training Time": 0.9176990985870361, "_runtime": 1.7845308780670166, "_step": 999, "_wandb": {"runtime": 1}}