{"Cumulative Reward": 100999, "_timestamp": 1694664361.213372, "Total Training Time": 1.276186466217041, "_runtime": 3.681852102279663, "_step": 999, "_wandb": {"runtime": 3}}