{"Cumulative Reward": 99154, "_timestamp": 1692658822.3415282, "Total Training Time": 1.1115913391113281, "_runtime": 2.8588521480560303, "_step": 999, "_wandb": {"runtime": 1}}