{"Total Inference Time": 0.021652698516845703, "_timestamp": 1691797119.772398, "_runtime": 0.5831019878387451, "_step": 6, "_wandb": {"runtime": 0}}