{"Cumulative Reward": 191045, "_timestamp": 1692128490.7136261, "Total Training Time": 2.636773109436035, "_runtime": 4.503676176071167, "_step": 999, "_wandb": {"runtime": 3}}