{"Cumulative Reward": 7845, "_timestamp": 1694811695.440301, "Total Training Time": 0.8881030082702637, "_runtime": 1.8228518962860107, "_step": 999, "_wandb": {"runtime": 1}}