{"Cumulative Reward": 105600, "_timestamp": 1693239574.592574, "Total Training Time": 1.78139328956604, "_runtime": 3.1591169834136963, "_step": 999, "_wandb": {"runtime": 2}}