{"Cumulative Reward": 11056, "_timestamp": 1694825672.788642, "Total Training Time": 1.4324185848236084, "_runtime": 3.2340478897094727, "_step": 999, "_wandb": {"runtime": 1}}