{"Cumulative Reward": 98959, "_timestamp": 1692896513.8211598, "Total Training Time": 2.025114059448242, "_runtime": 4.560536861419678, "_step": 999, "_wandb": {"runtime": 2}}