{"Total Inference Time": 0.004930973052978516, "_timestamp": 1694826239.6107311, "_runtime": 1.3669531345367432, "_step": 1, "_wandb": {"runtime": 0}}