{"cumulative_reward": 118664.0, "_timestamp": 1691622170.783411, "_runtime": 22.825604915618896, "_step": 9999, "_wandb": {"runtime": 22}}