{"Cumulative Reward": 105000, "_timestamp": 1694652351.378726, "Total Training Time": 1.1203937530517578, "_runtime": 2.6050679683685303, "_step": 999, "_wandb": {"runtime": 8}}