{"Cumulative Reward": 206010, "_timestamp": 1694826384.935136, "Total Training Time": 1.2681090831756592, "_runtime": 2.7339460849761963, "_step": 999, "_wandb": {"runtime": 2}}