{"Cumulative Reward": 205366, "_timestamp": 1693349744.167566, "Total Training Time": 1.4389584064483643, "_runtime": 2.360840082168579, "_step": 999, "_wandb": {"runtime": 1}}