{"Cumulative Reward": 99114, "_timestamp": 1692747542.5521789, "Total Training Time": 3.252345561981201, "_runtime": 6.042058944702148, "_step": 999, "_wandb": {"runtime": 4}}