{"Cumulative Reward": 105800, "_timestamp": 1693350376.137404, "Total Training Time": 0.9997234344482422, "_runtime": 2.6652209758758545, "_step": 999, "_wandb": {"runtime": 1}}