{"Cumulative Reward": 99249, "_timestamp": 1692144847.4991949, "Total Training Time": 1.8791601657867432, "_runtime": 3.895542860031128, "_step": 999, "_wandb": {"runtime": 2}}