{"Total Inference Time": 3.2683541774749756, "_timestamp": 1694653546.84675, "_runtime": 4.778999090194702, "_step": 1, "_wandb": {"runtime": 3}}