{"Total Inference Time": 0.033299922943115234, "_timestamp": 1694666824.54004, "_runtime": 19.656074047088623, "_step": 3, "_wandb": {"runtime": 0}}